<?xml version="1.0" encoding="UTF-8" standalone="yes"?>
<addon id="repository.Netai-hostinger" name="[COLOR orange]Repositorio Netai [Hostinger][/COLOR] Repo" version="1.1.1" provider-name="Netai">
    <extension point="xbmc.addon.repository" name="Repositorio Netai Hostinger">
        <info>http://www.gruponetai.com/repositorio/addons.xml</info>
        <checksum>http://www.gruponetai.com/repositorio/addons.xml.md5</checksum>
        <datadir zip="true">http://www.gruponetai.com/repositorio/</datadir>
    </extension>
    <extension point="xbmc.addon.metadata">
        <summary>Repositorio Netai Oficial</summary>
        <description>Servidor Oficial de actualizacion de Addons y dependencias del Grupo Netai.</description>
        <disclaimer></disclaimer>
        <platform>all</platform>
    </extension>
</addon>
