﻿<?xml version="1.0" encoding="UTF-8" standalone="yes"?>
<addon id="plugin.video.deportesalacarta"
    name="Deportes sport 365"
    version="3.67"
    provider-name="deportesalacarta">
  <requires>
    <import addon="xbmc.python" version="2.1.0"/>
    <import addon="script.module.libtorrent" optional="true"/>
  </requires>
  <extension point="xbmc.python.pluginsource" library="default.py">
    <provides>video</provides>
  </extension>
  <extension point="xbmc.addon.metadata">
    <platform>all</platform>
    <license>GNU GPL v3</license>
    <source></source>
  </extension>
</addon>
