<?xml version="1.0" encoding="UTF-8"?>
<window>
    <defaultcontrol>13</defaultcontrol>
    <controls>
        <control type="group">
            <top>dialogtop</top>
            <bottom>60</bottom>
            <left>sidepad</left>
            <right>sidepad</right>
            <include>Animation_SlideIn</include>
            <include>Animation_FadeOut</include>
            <animation effect="slide" tween="quadratic" easing="out" time="300" start="0,1920" end="0">WindowOpen</animation>
            <animation effect="slide" tween="quadratic" easing="in" time="300" end="0,1920" start="0">WindowClose</animation>
            <include>Dialog_Background</include>
            <control type="group">
                <top>70</top>
                <left>bigpad</left>
                <right>bigpad</right>
                <height>posterh</height>
                <control type="group">
                    <width>570</width>
                    <height>576</height>
                    <include>Object_FlatBackground</include>
                    <include content="Object_Line">
                        <param name="width" value="570" />
                        <param name="label" value="$LOCALIZE[19146]" />
                    </include>
                    <control type="list" id="13">
                        <onright>11</onright>
                        <onleft>8000</onleft>
                        <ondown>8000</ondown>
                        <width>570</width>
                        <height>576</height>
                        <scrolltime>200</scrolltime>
                        <orientation>vertical</orientation>
                        <preloaditems>2</preloaditems>
                        <itemlayout width="570" height="72">

                            <control type="label">
                                <left>bigpad</left>
                                <right>bigpad</right>
                                <height>100%</height>
                                <textcolor>ListLabel</textcolor>
                                <font>Font-ListInfo-Small-Bold</font>
                                <aligny>center</aligny>
                                <label>$INFO[ListItem.Label]</label>
                            </control>
                        </itemlayout>
                        <focusedlayout width="570" height="72">
                            <control type="image">
                                <width>100%</width>
                                <height>100%</height>
                                <texture colordiffuse="$VAR[HighlightColor]">common/white.png</texture>
                                <animation effect="fade" start="100" end="50" condition="!Control.HasFocus(13)">Conditional</animation>
                            </control>
                            <control type="label">
                                <left>bigpad</left>
                                <right>bigpad</right>
                                <height>100%</height>
                                <textcolor>Selected</textcolor>
                                <font>Font-ListInfo-Small-Bold</font>
                                <aligny>center</aligny>
                                <label>$INFO[ListItem.Label]</label>
                            </control>
                        </focusedlayout>
                    </control>
                </control>
                <control type="group">
                    <centerleft>50%</centerleft>
                    <width>570</width>
                    <height>576</height>
                    <include>Object_FlatBackground</include>
                    <include content="Object_Line">
                        <param name="width" value="570" />
                        <param name="label" value="$INFO[Control.GetLabel(21)]" />
                    </include>
                    <control type="list" id="11">
                        <onleft>13</onleft>
                        <onright>12</onright>
                        <ondown>8000</ondown>
                        <width>570</width>
                        <height>576</height>
                        <scrolltime>200</scrolltime>
                        <orientation>vertical</orientation>
                        <preloaditems>2</preloaditems>
                        <itemlayout width="570" height="72">

                            <control type="label">
                                <left>bigpad</left>
                                <right>bigpad</right>
                                <height>100%</height>
                                <textcolor>ListLabel</textcolor>
                                <font>Font-ListInfo-Small-Bold</font>
                                <aligny>center</aligny>
                                <label>$INFO[ListItem.Label]</label>
                            </control>
                        </itemlayout>
                        <focusedlayout width="570" height="72">
                            <control type="image">
                                <width>100%</width>
                                <height>100%</height>
                                <texture colordiffuse="$VAR[HighlightColor]">common/white.png</texture>
                                <visible>Control.HasFocus(11)</visible>
                            </control>
                            <control type="image">
                                <width>100%</width>
                                <height>100%</height>
                                <texture colordiffuse="PosterBorder">common/white.png</texture>
                                <visible>!Control.HasFocus(11)</visible>
                            </control>
                            <control type="label">
                                <left>bigpad</left>
                                <right>bigpad</right>
                                <height>100%</height>
                                <textcolor>Selected</textcolor>
                                <font>Font-ListInfo-Small-Bold</font>
                                <aligny>center</aligny>
                                <label>$INFO[ListItem.Label]</label>
                            </control>
                        </focusedlayout>
                    </control>
                </control>
                <control type="group">
                    <right>0</right>
                    <width>570</width>
                    <height>576</height>
                    <include>Object_FlatBackground</include>
                    <include content="Object_Line">
                        <param name="width" value="570" />
                        <param name="label" value="$INFO[Control.GetLabel(22)]" />
                    </include>
                    <control type="list" id="12">
                        <onleft>11</onleft>
                        <onright>8000</onright>
                        <ondown>8000</ondown>
                        <width>570</width>
                        <height>576</height>
                        <scrolltime>200</scrolltime>
                        <orientation>vertical</orientation>
                        <preloaditems>2</preloaditems>
                        <itemlayout width="570" height="72">

                            <control type="label">
                                <left>bigpad</left>
                                <right>bigpad</right>
                                <height>100%</height>
                                <textcolor>ListLabel</textcolor>
                                <font>Font-ListInfo-Small-Bold</font>
                                <aligny>center</aligny>
                                <label>$INFO[ListItem.ChannelNumberLabel,,. ]$INFO[ListItem.Label]</label>
                            </control>
                        </itemlayout>
                        <focusedlayout width="570" height="72">
                            <control type="image">
                                <width>100%</width>
                                <height>100%</height>
                                <texture colordiffuse="$VAR[HighlightColor]">common/white.png</texture>
                                <visible>Control.HasFocus(12)</visible>
                            </control>
                            <control type="image">
                                <width>100%</width>
                                <height>100%</height>
                                <texture colordiffuse="PosterBorder">common/white.png</texture>
                                <visible>!Control.HasFocus(12)</visible>
                            </control>
                            <control type="label">
                                <left>bigpad</left>
                                <right>bigpad</right>
                                <height>100%</height>
                                <textcolor>Selected</textcolor>
                                <font>Font-ListInfo-Small-Bold</font>
                                <aligny>center</aligny>
                                <label>$INFO[ListItem.ChannelNumberLabel,,. ]$INFO[ListItem.Label]</label>
                            </control>
                        </focusedlayout>
                    </control>
                </control>
            </control>
            <control type="grouplist" id="8000">
                <centerleft>50%</centerleft>
                <width>1660</width>
                <bottom>44</bottom>
                <height>72</height>
                <align>center</align>
                <itemgap>20</itemgap>
                <onup>13</onup>
                <orientation>horizontal</orientation>
                <!-- OK Button -->
                <control type="button" id="29">
                    <width>400</width>
                    <include>Defs_OptionButton2</include>
                    <label>186</label>
                </control>

                <!-- Delete Button -->
                <control type="button" id="28">
                    <width>400</width>
                    <include>Defs_OptionButton2</include>
                    <label>$LOCALIZE[117] $LOCALIZE[19141]</label>
                </control>

                <!-- Rename Button -->
                <control type="button" id="27">
                    <width>400</width>
                    <include>Defs_OptionButton2</include>
                    <label>$LOCALIZE[118] $LOCALIZE[19141]</label>
                </control>

                <!-- Add Button -->
                <control type="button" id="26">
                    <width>400</width>
                    <include>Defs_OptionButton2</include>
                    <label>$LOCALIZE[15019] $LOCALIZE[19141]</label>
                </control>
            </control>
        </control>
        <!-- Hidden labels -->
        <control type="label" id="21">
            <font>-</font>
        </control>
        <control type="label" id="22">
            <font>-</font>
        </control>
    </controls>
</window>