<?xml version="1.0" encoding="UTF-8"?>
<includes>
    <!-- PVR LIST -->
    <include name="PVR_List">
        <param name="id" default="50" />
        <param name="visible" default="true" />
        <param name="label" default="537" />
        <definition>
            <control type="group">
                <include>Animation_Common</include>
                <visible>Control.IsVisible($PARAM[id])</visible>
                <include>Animation_FadeIn</include>
                <include>Animation_FadeOut</include>
                <left>bigpad</left>
                <right>bigpad</right>
                <top>bigpad</top>
                <height>posterh</height>
                <control type="group">
                    <width>listinfow</width>

                    <control type="panel" id="$PARAM[id]">
                        <width>listinfow</width>
                        <height>740</height>
                        <onup>$PARAM[id]</onup>
                        <ondown>$PARAM[id]</ondown>
                        <onright condition="!Skin.HasSetting(KioskMode)">SetFocus(9000)</onright>
                        <onleft>60</onleft>
                        <pagecontrol>60</pagecontrol>
                        <preloaditems>2</preloaditems>
                        <orientation>vertical</orientation>
                        <viewtype label="$PARAM[label]">list</viewtype>
                        <scrolltime tween="quadratic">400</scrolltime>
                        <visible>$PARAM[visible]</visible>
                        <itemlayout height="148" width="listinfow">
                            <control type="group">
                                <left>0</left>
                                <right>0</right>
                                <bottom>bigpad</bottom>
                                <include>Object_Background</include>
                                <control type="image">
                                    <width>100%</width>
                                    <height>100%</height>
                                    <texture colordiffuse="0fffffff">common/selected.png</texture>
                                    <aspectratio>scale</aspectratio>
                                    <visible>ListItem.IsPlaying</visible>
                                </control>
                                <control type="image">
                                    <left>bigpad</left>
                                    <width>110</width>
                                    <top>pad</top>
                                    <bottom>pad</bottom>
                                    <aspectratio>keep</aspectratio>
                                    <texture background="true">$INFO[ListItem.Icon]</texture>
                                </control>
                                <control type="progress">
                                    <left>160</left>
                                    <right>bigpad</right>
                                    <bottom>16</bottom>
                                    <height>8</height>
                                    <reveal>true</reveal>
                                    <info>ListItem.Progress</info>
                                    <lefttexture colordiffuse="5fededed">osd/progress-end.png</lefttexture>
                                    <midtexture colordiffuse="5fededed">osd/progress-end.png</midtexture>
                                </control>
                                <control type="label">
                                    <left>160</left>
                                    <right>bigpad</right>
                                    <top>15</top>
                                    <height>30</height>
                                    <selectedcolor>ListLabel</selectedcolor>
                                    <label>$INFO[ListItem.ChannelNumberLabel,,. ]$INFO[ListItem.ChannelName]</label>
                                </control>
                                <control type="label">
                                    <left>160</left>
                                    <right>bigpad</right>
                                    <bottom>45</bottom>
                                    <height>30</height>
                                    <font>Font-ListInfo</font>
                                    <selectedcolor>ListLabel</selectedcolor>
                                    <label>$VAR[Label_IsRecording]$INFO[ListItem.Title]</label>
                                </control>
                                <control type="label">
                                    <left>160</left>
                                    <right>bigpad</right>
                                    <bottom>45</bottom>
                                    <height>30</height>
                                    <align>right</align>
                                    <font>Font-OSD</font>
                                    <selectedcolor>ListLabel</selectedcolor>
                                    <label>$INFO[ListItem.NextTitle,$LOCALIZE[31003]... ,]</label>
                                </control>
                            </control>
                        </itemlayout>

                        <focusedlayout height="148" width="listinfow">
                            <control type="group">
                                <left>0</left>
                                <right>0</right>
                                <bottom>bigpad</bottom>
                                <include>Object_Background</include>
                                <control type="image">
                                    <width>100%</width>
                                    <height>100%</height>
                                    <texture colordiffuse="$VAR[HighlightColor]">common/white.png</texture>
                                </control>
                                <control type="image">
                                    <width>100%</width>
                                    <height>100%</height>
                                    <texture colordiffuse="1fffffff">common/selected.png</texture>
                                    <aspectratio>scale</aspectratio>
                                    <visible>ListItem.IsPlaying</visible>
                                </control>
                                <control type="image">
                                    <left>bigpad</left>
                                    <width>110</width>
                                    <top>pad</top>
                                    <bottom>pad</bottom>
                                    <aspectratio>keep</aspectratio>
                                    <texture background="true">$INFO[ListItem.Icon]</texture>
                                </control>
                                <control type="progress">
                                    <left>160</left>
                                    <right>bigpad</right>
                                    <bottom>16</bottom>
                                    <height>8</height>
                                    <reveal>true</reveal>
                                    <info>ListItem.Progress</info>
                                    <lefttexture colordiffuse="Selected">osd/progress-end.png</lefttexture>
                                    <midtexture colordiffuse="Selected">osd/progress-end.png</midtexture>
                                </control>
                                <control type="label">
                                    <left>160</left>
                                    <right>bigpad</right>
                                    <top>15</top>
                                    <height>30</height>
                                    <textcolor>Selected</textcolor>
                                    <selectedcolor>Selected</selectedcolor>
                                    <label>$INFO[ListItem.ChannelNumberLabel,,. ]$INFO[ListItem.ChannelName]</label>
                                </control>
                                <control type="label">
                                    <left>160</left>
                                    <right>bigpad</right>
                                    <bottom>45</bottom>
                                    <height>30</height>
                                    <textcolor>Selected</textcolor>
                                    <selectedcolor>Selected</selectedcolor>
                                    <font>Font-ListInfo</font>
                                    <label>$VAR[Label_IsRecording]$INFO[ListItem.Title]</label>
                                </control>
                                <control type="label">
                                    <left>160</left>
                                    <right>bigpad</right>
                                    <bottom>45</bottom>
                                    <height>30</height>
                                    <align>right</align>
                                    <font>Font-OSD</font>
                                    <selectedcolor>Selected</selectedcolor>
                                    <textcolor>Selected</textcolor>
                                    <label>$INFO[ListItem.NextTitle,$LOCALIZE[31003]... ,]</label>
                                </control>
                            </control>
                        </focusedlayout>
                    </control>
                    <include content="Object_Scrollbar">
                        <param name="visible" value="Control.IsVisible($PARAM[id])" />
                    </include>
                    <include>Object_Arrows_Vertical</include>
                </control>
                <include>PVR_InfoBox</include>
            </control>
        </definition>
    </include>

    <!-- PVR Small List -->
    <include name="PVR_SmallList">
        <param name="id" default="50" />
        <param name="visible" default="true" />
        <param name="label" default="535" />
        <param name="include" default="PVR_SmallList_Progress" />
        <definition>
            <control type="group">
                <include>Animation_Common</include>
                <visible>Control.IsVisible($PARAM[id])</visible>
                <include>Animation_FadeIn</include>
                <include>Animation_FadeOut</include>
                <left>bigpad</left>
                <right>bigpad</right>
                <top>bigpad</top>
                <height>posterh</height>
                <control type="group">
                    <width>listinfow</width>
                    <include>Object_Background</include>
                    <control type="panel" id="$PARAM[id]">
                        <width>listinfow</width>
                        <height>posterh</height>
                        <onup>$PARAM[id]</onup>
                        <ondown>$PARAM[id]</ondown>
                        <onright condition="!Skin.HasSetting(KioskMode)">SetFocus(9000)</onright>
                        <onleft>60</onleft>
                        <pagecontrol>60</pagecontrol>
                        <preloaditems>2</preloaditems>
                        <orientation>vertical</orientation>
                        <viewtype label="$PARAM[label]">list</viewtype>
                        <scrolltime tween="quadratic">400</scrolltime>
                        <visible>$PARAM[visible]</visible>
                        <itemlayout height="72" width="listinfow">
                            <control type="group">
                                <left>0</left>
                                <right>0</right>
                                <bottom>0</bottom>
                                <control type="image">
                                    <width>100%</width>
                                    <height>100%</height>
                                    <texture colordiffuse="0fffffff">common/selected.png</texture>
                                    <aspectratio>scale</aspectratio>
                                    <visible>ListItem.IsPlaying</visible>
                                </control>
                                <control type="image">
                                    <left>bigpad</left>
                                    <width>50</width>
                                    <top>pad</top>
                                    <bottom>pad</bottom>
                                    <aspectratio>keep</aspectratio>
                                    <texture background="true">$INFO[ListItem.Icon]</texture>
                                </control>
                                <control type="label">
                                    <left>100</left>
                                    <width>80</width>
                                    <top>pad</top>
                                    <bottom>pad</bottom>
                                    <align>center</align>
                                    <aligny>center</aligny>
                                    <textcolor>ListLabel</textcolor>
                                    <selectedcolor>ListLabel</selectedcolor>
                                    <font>Font-Button</font>
                                    <label>$INFO[ListItem.ChannelNumberLabel]</label>
                                </control>
                                <control type="label">
                                    <left>200</left>
                                    <width>370</width>
                                    <top>pad</top>
                                    <bottom>pad</bottom>
                                    <aligny>center</aligny>
                                    <textcolor>ListLabel</textcolor>
                                    <selectedcolor>ListLabel</selectedcolor>
                                    <font>Font-Button</font>
                                    <label>$INFO[ListItem.ChannelName]</label>
                                </control>
                                <control type="label">
                                    <left>580</left>
                                    <right>120</right>
                                    <top>pad</top>
                                    <bottom>pad</bottom>
                                    <aligny>center</aligny>
                                    <textcolor>ListLabel</textcolor>
                                    <selectedcolor>ListLabel</selectedcolor>
                                    <font>Font-ListInfo</font>
                                    <label>$VAR[Label_IsRecording]$INFO[ListItem.Title]</label>
                                </control>
                                <include>$PARAM[include]_Item</include>
                            </control>
                        </itemlayout>

                        <focusedlayout height="72" width="listinfow">
                            <control type="group">
                                <left>0</left>
                                <right>0</right>
                                <bottom>0</bottom>

                                <control type="image">
                                    <width>100%</width>
                                    <height>100%</height>
                                    <texture colordiffuse="$VAR[HighlightColor]">common/white.png</texture>
                                </control>
                                <control type="image">
                                    <width>100%</width>
                                    <height>100%</height>
                                    <texture colordiffuse="1fffffff">common/selected.png</texture>
                                    <aspectratio>scale</aspectratio>
                                    <visible>ListItem.IsPlaying</visible>
                                </control>
                                <control type="image">
                                    <left>bigpad</left>
                                    <width>50</width>
                                    <top>pad</top>
                                    <bottom>pad</bottom>
                                    <aspectratio>keep</aspectratio>
                                    <texture background="true">$INFO[ListItem.Icon]</texture>
                                </control>
                                <control type="label">
                                    <left>100</left>
                                    <width>80</width>
                                    <top>pad</top>
                                    <bottom>pad</bottom>
                                    <align>center</align>
                                    <aligny>center</aligny>
                                    <textcolor>Selected</textcolor>
                                    <selectedcolor>Selected</selectedcolor>
                                    <font>Font-Button</font>
                                    <label>$INFO[ListItem.ChannelNumberLabel]</label>
                                </control>
                                <control type="label">
                                    <left>200</left>
                                    <width>370</width>
                                    <top>pad</top>
                                    <bottom>pad</bottom>
                                    <aligny>center</aligny>
                                    <textcolor>Selected</textcolor>
                                    <selectedcolor>Selected</selectedcolor>
                                    <font>Font-Button</font>
                                    <label>$INFO[ListItem.ChannelName]</label>
                                </control>
                                <control type="label">
                                    <left>580</left>
                                    <right>120</right>
                                    <top>pad</top>
                                    <bottom>pad</bottom>
                                    <aligny>center</aligny>
                                    <textcolor>Selected</textcolor>
                                    <selectedcolor>Selected</selectedcolor>
                                    <font>Font-ListInfo</font>
                                    <label>$VAR[Label_IsRecording]$INFO[ListItem.Title]</label>
                                </control>
                                <include>$PARAM[include]_Focus</include>
                            </control>
                        </focusedlayout>
                    </control>
                    <include content="Object_Scrollbar">
                        <param name="visible" value="Control.IsVisible($PARAM[id])" />
                    </include>
                    <include>Object_Arrows_Vertical</include>
                </control>
                <include>PVR_InfoBox</include>
            </control>
        </definition>
    </include>

    <!-- PVR SIPLE LIST -->
    <include name="PVR_SimpleList">
        <control type="group">
            <include>Animation_Common</include>
            <visible>Control.IsVisible(50)</visible>
            <include>Animation_FadeIn</include>
            <include>Animation_FadeOut</include>
            <left>bigpad</left>
            <right>bigpad</right>
            <top>bigpad</top>
            <height>posterh</height>
            <control type="group">
                <width>listinfow</width>
                <control type="panel" id="50">
                    <width>listinfow</width>
                    <height>740</height>
                    <onup>50</onup>
                    <ondown>50</ondown>
                    <onright condition="!Skin.HasSetting(KioskMode)">SetFocus(9000)</onright>
                    <onleft>60</onleft>
                    <pagecontrol>60</pagecontrol>
                    <preloaditems>2</preloaditems>
                    <orientation>vertical</orientation>
                    <viewtype>list</viewtype>
                    <scrolltime tween="quadratic">400</scrolltime>
                    <itemlayout height="148" width="listinfow">
                        <control type="group">
                            <left>0</left>
                            <right>0</right>
                            <bottom>bigpad</bottom>
                            <include>Object_Background</include>
                            <control type="image">
                                <left>bigpad</left>
                                <width>110</width>
                                <top>pad</top>
                                <bottom>pad</bottom>
                                <aspectratio>keep</aspectratio>
                                <texture background="true">$INFO[ListItem.Icon]</texture>
                            </control>
                            <control type="label">
                                <left>160</left>
                                <right>bigpad</right>
                                <top>30</top>
                                <height>30</height>
                                <selectedcolor>ListLabel</selectedcolor>
                                <label>$INFO[ListItem.Label]</label>
                            </control>
                            <control type="label">
                                <left>160</left>
                                <right>bigpad</right>
                                <bottom>30</bottom>
                                <height>30</height>
                                <font>Font-ListInfo</font>
                                <selectedcolor>ListLabel</selectedcolor>
                                <label>$INFO[ListItem.Label2]</label>
                            </control>
                            <control type="image">
                                <right>30</right>
                                <centertop>65</centertop>
                                <height>32</height>
                                <width>32</width>
                                <texture>$VAR[Image_Indicator]</texture>
                                <visible>!String.IsEmpty(ListItem.Overlay)</visible>
                            </control>
                        </control>
                    </itemlayout>

                    <focusedlayout height="148" width="listinfow">
                        <control type="group">
                            <left>0</left>
                            <right>0</right>
                            <bottom>bigpad</bottom>
                            <include>Object_Background</include>
                            <control type="image">
                                <width>100%</width>
                                <height>100%</height>
                                <texture colordiffuse="$VAR[HighlightColor]">common/white.png</texture>
                            </control>
                            <control type="image">
                                <left>bigpad</left>
                                <width>110</width>
                                <top>pad</top>
                                <bottom>pad</bottom>
                                <aspectratio>keep</aspectratio>
                                <texture background="true">$INFO[ListItem.Icon]</texture>
                            </control>
                            <control type="label">
                                <left>160</left>
                                <right>bigpad</right>
                                <top>30</top>
                                <height>30</height>
                                <selectedcolor>Selected</selectedcolor>
                                <textcolor>Selected</textcolor>
                                <label>$INFO[ListItem.Label]</label>
                            </control>
                            <control type="label">
                                <left>160</left>
                                <right>bigpad</right>
                                <bottom>30</bottom>
                                <height>30</height>
                                <font>Font-ListInfo</font>
                                <selectedcolor>Selected</selectedcolor>
                                <textcolor>Selected</textcolor>
                                <label>$INFO[ListItem.Label2]</label>
                            </control>
                            <control type="image">
                                <right>30</right>
                                <centertop>65</centertop>
                                <height>32</height>
                                <width>32</width>
                                <texture>$VAR[Image_Indicator]</texture>
                                <visible>!String.IsEmpty(ListItem.Overlay)</visible>
                            </control>
                        </control>
                    </focusedlayout>
                </control>
                <include content="Object_Scrollbar">
                    <param name="visible" value="Control.IsVisible(50)" />
                </include>
                <include>Object_Arrows_Vertical</include>
            </control>
            <include>PVR_InfoBox</include>
        </control>
    </include>

    <include name="PVR_InfoBox">
        <control type="group">
            <right>0</right>
            <width>720</width>
            <height>posterh</height>
            <control type="group">
                <width>100%</width>
                <height>405</height>
                <include>Object_Background</include>
                <control type="image">
                    <aspectratio>scale</aspectratio>
                    <fadetime>200</fadetime>
                    <texture background="true">$VAR[Image_PVRThumb]</texture>
                    <visible>!Player.HasVideo | Skin.HasSetting(background.showvideo)</visible>
                </control>
                <control type="videowindow">
                    <visible>Player.HasVideo + !Skin.HasSetting(background.showvideo)</visible>
                </control>
            </control>
            <control type="group">
                <width>100%</width>
                <top>425</top>
                <include>Object_Background</include>
                <control type="grouplist">
                    <usecontrolcoords>true</usecontrolcoords>
                    <itemgap>15</itemgap>
                    <orientation>vertical</orientation>
                    <left>pad</left>
                    <right>pad</right>
                    <top>pad</top>
                    <bottom>pad</bottom>
                    <control type="label">
                        <top>pad</top>
                        <left>pad</left>
                        <right>pad</right>
                        <height>36</height>
                        <font>Font-InfoBox-Title</font>
                        <label>$VAR[Label_IsRecording]$INFO[ListItem.Title]</label>
                    </control>
                    <control type="label">
                        <left>pad</left>
                        <right>pad</right>
                        <height>24</height>
                        <textcolor>$VAR[HighlightColor2]</textcolor>
                        <font>Font-ListInfo-Small-Bold</font>
                        <label>$VAR[Label_GenreLine,[UPPERCASE],[/UPPERCASE]]</label>
                        <visible>!String.IsEmpty(ListItem.Genre)</visible>
                    </control>
                    <control type="textbox">
                        <left>pad</left>
                        <right>pad</right>
                        <height>120</height>
                        <font>Font-ListInfo</font>
                        <align>left</align>
                        <label>$VAR[Label_Plot]</label>
                        <visible>!String.IsEmpty(ListItem.Genre)</visible>
                    </control>
                    <control type="textbox">
                        <left>pad</left>
                        <right>pad</right>
                        <height>154</height>
                        <font>Font-ListInfo</font>
                        <align>left</align>
                        <label>$VAR[Label_Plot]</label>
                        <visible>String.IsEmpty(ListItem.Genre)</visible>
                    </control>
                    <control type="label">
                        <left>pad</left>
                        <right>pad</right>
                        <height>20</height>
                        <align>right</align>
                        <font>Font-ListInfo-Small-Bold</font>
                        <label>$INFO[ListItem.StartTime]$INFO[ListItem.EndTime,  -  ,]</label>
                    </control>
                </control>
            </control>
        </control>

    </include>
    <include name="PVR_Menu">
        <!-- Menu -->
        <control type="group">
            <include condition="!Skin.HasSetting(HorizontalMenus)">GlobalOverlay</include>
            <include condition="!Skin.HasSetting(HorizontalMenus)">Dialog_Center</include>
            <visible allowhiddenfocus="true">ControlGroup(9000).HasFocus()</visible>
            <include>Animation_FadeIn</include>
            <include>Animation_FadeOut</include>
        </control>
        <control type="group">
            <visible allowhiddenfocus="true">ControlGroup(9000).HasFocus()</visible>
            <include condition="!Skin.HasSetting(HorizontalMenus)">Dialog_Center_Def</include>
            <include condition="Skin.HasSetting(HorizontalMenus)">Dialog_Top</include>
            <include condition="Skin.HasSetting(HorizontalMenus)">Dialog_Background</include>
            <include content="Dialog_Top_IconHeader">
                <param name="label" value="$LOCALIZE[31068]" />
                <param name="icon" value="special://skin/extras/icons/settings.png" />
            </include>
            <include content="Dialog_Center_Arrows" condition="!Skin.HasSetting(HorizontalMenus)">
                <param name="id" value="9000" />
            </include>
            <include content="Dialog_Top_Arrows" condition="Skin.HasSetting(HorizontalMenus)">
                <param name="id" value="9000" />
            </include>

            <control type="grouplist" id="9000">
                <include condition="!Skin.HasSetting(HorizontalMenus)">Dialog_Center_GroupList</include>
                <include condition="Skin.HasSetting(HorizontalMenus)">Dialog_Top_GroupList</include>
                <defaultcontrol always="true">3</defaultcontrol>
                <include>Object_BasicViewList</include>
                <!-- Groups -->
                <control type="button" id="28">
                    <include condition="!Skin.HasSetting(HorizontalMenus)">Defs_OptionButton2_Horz</include>
                    <include condition="Skin.HasSetting(HorizontalMenus)">Defs_OptionButton2</include>
                    <label>103</label>
                    <visible>Control.IsEnabled(28)</visible>
                </control>
                <!-- Filter -->
                <control type="radiobutton" id="31">
                    <include condition="!Skin.HasSetting(HorizontalMenus)">Defs_OptionButton2_Horz</include>
                    <include condition="Skin.HasSetting(HorizontalMenus)">Defs_OptionButton2</include>
                    <label>587</label>
                    <selected>Container.Filtered</selected>
                    <visible>Control.IsEnabled(31) + Window.IsVisible(MyPVRChannels.xml)</visible>
                </control>
            </control>
        </control>
    </include>

</includes>
