<?xml version="1.0" encoding="UTF-8"?>
<window>
	<defaultcontrol always="true">50</defaultcontrol>
	<views>50,51,54,55,57,500</views>
	<menucontrol>9051</menucontrol>
	<onload>SetProperty(Window.HasSettings,True,Home)</onload>
	<onload>ClearProperty(MediaMenu,Home)</onload>
	<onunload>ClearProperty(MediaMenu,Home)</onunload>
	<onunload>ClearProperty(Window.HasSettings,Home)</onunload>
	<controls>
		<include>CommonBackground</include>
		<control type="group">
			<include>WindowOpenCloseAnimation</include>
			<include condition="!Skin.HasSetting(Enable.SlimList)">AddonList</include>
			<include condition="Skin.HasSetting(Enable.SlimList)">SlimList</include>
			<!-- view id = 50 -->
			<include condition="!Skin.HasSetting(Disable.InfoWallView)">AddonInfoWall</include>
			<!-- view id = 51 -->
			<include condition="!Skin.HasSetting(Disable.ShowCaseView)">View_54_ShowCase</include>
			<!-- view id = 54 -->
			<include condition="!Skin.HasSetting(Disable.TriPanelView)">MusicTriPanel</include>
			<!-- view id = 55 -->
			<include condition="!Skin.HasSetting(Disable.ShiftView)">AlbumShift</include>
			<!-- view id = 57 -->
			<include condition="!Skin.HasSetting(Disable.IconsView)">AddonIcons</include>
			<!-- view id = 500 -->
		</control>
		<control type="group">
			<visible>Control.IsVisible(54) | Control.IsVisible(500) | Control.IsVisible(57)</visible>
			<visible>!Window.IsActive(addoninformation)</visible>
			<animation effect="slide" tween="cubic" time="720" start="0,806" end="0,0">VisibleChange</animation>
			<include>WindowOpenCloseAnimation</include>
			<top>-30</top>
			<control type="group">
				<left>410</left>
				<top>1010</top>
				<visible>Control.IsVisible(54)</visible>
				<control type="label">
					<width>1100</width>
					<height>48</height>
					<align>center</align>
					<font>font16_title_bold</font>
					<scroll>true</scroll>
					<label>$INFO[ListItem.Label]</label>
					<textoffsetx>30</textoffsetx>
				</control>
				<control type="label">
					<left>-300</left>
					<top>40</top>
					<width>1700</width>
					<height>30</height>
					<align>center</align>
					<font>font13_title</font>
					<scroll>true</scroll>
					<label>$INFO[ListItem.AddonSummary]</label>
					<textoffsetx>30</textoffsetx>
				</control>
			</control>
			<control type="group">
				<visible>Control.IsVisible(500) | Control.IsVisible(57)</visible>
				<animation effect="slide" start="0" end="40" time="720" tween="cubic" easing="inout" condition="Control.IsVisible(57)">Conditional</animation>
				<animation effect="slide" tween="cubic" time="720" start="0,806" end="0,0">VisibleChange</animation>
				<control type="group">
					<left>90</left>
					<top>1010</top>
					<control type="label">
						<width>1150</width>
						<height>48</height>
						<font>font16_title_bold</font>
						<scroll>true</scroll>
						<label>$INFO[ListItem.Label]</label>
						<textoffsetx>30</textoffsetx>
					</control>
					<control type="label">
						<top>45</top>
						<width>1500</width>
						<height>30</height>
						<font>font13_title</font>
						<scroll>true</scroll>
						<label>$INFO[ListItem.AddonSummary]</label>
						<textoffsetx>30</textoffsetx>
					</control>
				</control>
				<control type="label">
					<left>1800</left>
					<top>1000</top>
					<width>1800</width>
					<height>90</height>
					<align>right</align>
					<label>$INFO[ListItem.AddonVersion]</label>
					<font>font35_title_bold</font>
					<wrapmultiline>true</wrapmultiline>
				</control>
			</control>
			<control type="image">
				<top>970</top>
				<width>100%</width>
				<height>140</height>
				<texture border="1">gradient_floor.png</texture>
			</control>
		</control>
		<include condition="!Skin.HasSetting(Disable.ScrollLabel)">ScrollOffsetLabel</include>
		<include>Topbar</include>
		<control type="group">
			<left>-440</left>
			<include>SideBladeLeft</include>
			<control type="grouplist" id="9050">
				<include>MediaMenuTop</include>
				<control type="label" id="201">
					<width>400</width>
					<height>52</height>
					<textoffsetx>15</textoffsetx>
					<font>font13_title</font>
					<label>31026</label>
					<textcolor></textcolor>
				</control>
				<control type="button" id="5">
					<description>Settings</description>
					<include>ButtonCommonValues</include>
					<label>10004</label>
				</control>
				<control type="button" id="9">
					<description>Check for repository updates</description>
					<include>ButtonCommonValues</include>
					<label>24034</label>
				</control>
				<control type="button" id="202">
					<description>Check for repository updates</description>
					<include>ButtonCommonValues</include>
					<enable>no</enable>
					<label>$INFO[Window(AddonBrowser).Property(Updated)]</label>
				</control>
				<control type="radiobutton" id="7">
					<description>Hide foreign</description>
					<include>ButtonCommonValues</include>
					<label>25001</label>
				</control>
				<control type="radiobutton" id="8">
					<description>Hide incompatible</description>
					<include>ButtonCommonValues</include>
					<label>24999</label>
				</control>
			</control>
			<include>MediaMenuPlayerControls</include>
		</control>
	</controls>
</window>