<?xml version="1.0" encoding="UTF-8"?>
<!-- $INFO[Window(Home).Property(Music.FullscreenParty)] -->
<window id="1199" type="dialog">
	<onload condition="!Window.IsActive(visualisation) + ![MusicPlayer.HasNext + MusicPartyMode.Enabled]">AlarmClock(FullscreenMusicParty,ActivateWindow(visualisation,return),00:02,silent)</onload>
	<onload condition="String.IsEmpty(Window(Home).Property(Music.FullscreenParty)) + !Window.IsActive(musicplaylist) + MusicPlayer.HasNext">SetProperty(Music.FullscreenParty,True,Home)</onload>
	<onunload>ClearProperty(Music.FullscreenParty,Home)</onunload>
	<visible>Skin.HasSetting(launchmusicfullscreen) + Player.HasAudio + String.IsEmpty(Window(Videos).Property(PlayingBackgroundMedia)) + String.IsEmpty(Window(Home).Property(script.cinemavision.running))</visible>
	<controls />
</window>