<?xml version="1.0" encoding="UTF-8"?>
<window id="1114" type="dialog">
	<defaultcontrol always="true">90200</defaultcontrol>
	<onunload condition="System.HasAddon(script.colorbox)">RunScript(script.colorbox,daemon=True)</onunload>
	<coordinates>
		<system>1</system>
		<left>199</left>
		<top>210</top>
	</coordinates>
	<include>DialogOpenCloseAnimation</include>
	<controls>
		<control type="image">
			<width>1522</width>
			<height>660</height>
			<texture border="40">dialogs/default/bg.png</texture>
		</control>
		<control type="label" id="2">
			<left>30</left>
			<top>32</top>
			<width>1462</width>
			<height>40</height>
			<font>font15_title</font>
			<label>$LOCALIZE[12003]</label>
			<align>center</align>
			<textcolor>dialogheader</textcolor>
		</control>
		<control type="grouplist" id="90200">
			<left>33</left>
			<top>88</top>
			<width>1452</width>
			<height>540</height>
			<pagecontrol>6</pagecontrol>
			<onup>90200</onup>
			<ondown>90200</ondown>
			<onleft>6</onleft>
			<onright>6</onright>
			<control type="radiobutton" id="90202">
				<width>1452</width>
				<label>$LOCALIZE[31487]</label>
				<onclick>Skin.ToggleSetting(MoreVideoInfoDetails)</onclick>
				<selected>Skin.HasSetting(MoreVideoInfoDetails)</selected>
				<visible>!Window.IsActive(music)</visible>
			</control>
			<control type="button" id="90208">
				<width>1452</width>
				<label>$LOCALIZE[31931]</label>
				<label2>[COLOR ]$VAR[VideoPlotLocalizeVar][/COLOR]</label2>
				<onclick>Skin.ToggleSetting(VideoInfoPlotToggle)</onclick>
				<visible>!Window.IsActive(music)</visible>
			</control>
			<control type="button" id="90201">
				<width>1452</width>
				<label>$LOCALIZE[31990]</label>
				<label2>[COLOR ]$VAR[CinemaVisionButtonLabelVar][/COLOR]</label2>
				<onclick>$VAR[CinemaVisionButtonOnClickVar]</onclick>
				<visible>System.HasAddon(script.cinemavision)</visible>
				<visible>!Window.IsActive(music)</visible>
			</control>
			<control type="radiobutton" id="90209">
				<width>1452</width>
				<onclick>Skin.ToggleSetting(Disable.ExtendedInfoIntergration)</onclick>
				<onclick>Dialog.Close(1119)</onclick>
				<onclick>Dialog.Close(movieinformation)</onclick>
				<selected>Skin.HasSetting(Disable.ExtendedInfoIntergration)</selected>
				<label>$LOCALIZE[31127]</label>
				<visible>System.HasAddon(script.extendedinfo)</visible>
				<visible>!Window.IsActive(music)</visible>
			</control>
			<control type="button" id="90210">
				<width>1452</width>
				<label>$LOCALIZE[31442]</label>
				<label2>[COLOR ]$VAR[DialogInfoDimmerLabelVar][/COLOR]</label2>
				<onclick>SetProperty(CustomSelectDialogInfoDimmer,True)</onclick>
				<onclick>ActivateWindow(1129)</onclick>
				<visible>!Skin.HasSetting(Enable.BlurredVideoInfo)</visible>
			</control>
			<control type="radiobutton" id="90204">
				<width>1452</width>
				<onclick condition="System.HasAddon(script.colorbox) + !Skin.HasSetting(Enable.BlurredVideoInfo)">Dialog.Close(1119)</onclick>
				<onclick condition="System.HasAddon(script.colorbox) + !Skin.HasSetting(Enable.BlurredVideoInfo) + !Window.IsActive(music)">Dialog.Close(movieinformation)</onclick>
				<onclick condition="System.HasAddon(script.colorbox) + !Skin.HasSetting(Enable.BlurredVideoInfo) + Window.IsActive(music) + !String.IsEqual(ListItem.DBTYPE,song)">Dialog.Close(musicinformation)</onclick>
				<onclick condition="System.HasAddon(script.colorbox) + !Skin.HasSetting(Enable.BlurredVideoInfo) + Window.IsActive(music) + String.IsEqual(ListItem.DBTYPE,song)">Dialog.Close(songinformation)</onclick>
				<onclick condition="System.HasAddon(script.colorbox)">Skin.ToggleSetting(Enable.BlurredVideoInfo)</onclick>
				<onclick condition="!System.HasAddon(script.colorbox)">InstallAddon(script.colorbox)</onclick>
				<selected>Skin.HasSetting(Enable.BlurredVideoInfo)</selected>
				<label>$LOCALIZE[31174]</label>
			</control>
			<control type="radiobutton" id="90206">
				<width>1452</width>
				<onclick>Skin.ToggleSetting(discartoninfo)</onclick>
				<selected>Skin.HasSetting(discartoninfo)</selected>
				<label>$LOCALIZE[31601]</label>
				<visible>!Window.IsActive(music)</visible>
			</control>
		</control>
		<control type="scrollbar" id="6">
			<left>1480</left>
			<top>88</top>
			<width>8</width>
			<height>540</height>
			<texturesliderbackground />
			<texturesliderbar colordiffuse="80FFFFFF" border="1">scrollbar/texturesliderbar2.png</texturesliderbar>
			<texturesliderbarfocus border="1">scrollbar/texturesliderbar2.png</texturesliderbarfocus>
			<onleft>90200</onleft>
			<onright>90200</onright>
			<showonepage>false</showonepage>
			<orientation>vertical</orientation>
		</control>
	</controls>
</window>