<?xml version="1.0" encoding="UTF-8"?>
<window id="1150" type="dialog">
	<defaultcontrol always="true">90501</defaultcontrol>
	<onunload condition="!Window.IsActive(skinsettings)">SetFocus(50)</onunload>
	<coordinates>
		<system>1</system>
		<left>407.5</left>
		<top>40</top>
	</coordinates>
	<include>DialogOpenCloseAnimation</include>
	<controls>
		<control type="image">
			<width>1025</width>
			<height>1020</height>
			<texture border="40">dialogs/default/bg.png</texture>
		</control>
		<control type="label">
			<left>30</left>
			<top>32</top>
			<width>1030</width>
			<height>40</height>
			<textoffsetx>15</textoffsetx>
			<align>center</align>
			<textcolor>dialogheader</textcolor>
			<font>font15</font>
			<label>$LOCALIZE[31179]</label>
		</control>
		<control type="scrollbar" id="30">
			<left>17</left>
			<top>87</top>
			<width>10</width>
			<height>774</height>
			<texturesliderbackground />
			<texturesliderbar colordiffuse="80FFFFFF" border="1">scrollbar/texturesliderbar2.png</texturesliderbar>
			<texturesliderbarfocus border="1">scrollbar/texturesliderbar2.png</texturesliderbarfocus>
			<onleft>90502</onleft>
			<onright>90501</onright>
			<showonepage>false</showonepage>
			<orientation>vertical</orientation>
		</control>
		<!-- left group -->
		<control type="group" >
			<left>31</left>
			<top>88</top>
			<control type="image">
				<left>-1</left>
				<top>-2</top>
				<width>965</width>
				<height>903</height>
				<texture border="5">dialogs/default/inner.png</texture>
			</control>
			<control type="grouplist" id="90501">
				<width>963</width>
				<height>900</height>
				<pagecontrol>30</pagecontrol>
				<onleft>30</onleft>
				<onright>90502</onright>
				<onup>90501</onup>
				<ondown>90501</ondown>
				<scrolltime tween="cubic" easing="out">500</scrolltime>
				<!-- GUIDE TIMELINE SETTINGS -->
				<control type="label" id="201">
					<width>963</width>
					<height>60</height>
					<textoffsetx>15</textoffsetx>
					<font>font13_title</font>
					<label>$LOCALIZE[31131]</label>
					<textcolor></textcolor>
				</control>
				<control type="button" id="328">
					<description>Guide timeline channel list</description>
					<width>963</width>
					<label>$LOCALIZE[31133]</label>
					<label2>[COLOR ]$VAR[GuideChannelListTypeOptionsLabelVar][/COLOR]</label2>
					<onclick>$VAR[GuideChannelListTypeOptionsClickVar]</onclick>
				</control>
				<control type="button" id="329">
					<description>Guide timeline view type</description>
					<width>963</width>
					<label>$LOCALIZE[31134]</label>
					<label2>[COLOR ]$VAR[GuideTimelineViewTypeOptionsLabelVar][/COLOR]</label2>
					<onclick>$VAR[GuideTimelineViewOptionsClickVar]</onclick>
					<enable>!Window.IsActive(tvguide)</enable>
				</control>
				<control type="radiobutton" id="330">
					<label>$LOCALIZE[31395]</label>
					<onclick>Skin.ToggleSetting(Enable.PVRGenreColors)</onclick>
					<selected>Skin.HasSetting(Enable.PVRGenreColors)</selected>
					<width>963</width>
				</control>
				<control type="radiobutton" id="331">
					<label>   - $LOCALIZE[31396]</label>
					<onclick>Skin.ToggleSetting(Enable.LighterPVRGenreColors)</onclick>
					<selected>Skin.HasSetting(Enable.LighterPVRGenreColors)</selected>
					<width>963</width>
					<visible>Skin.HasSetting(Enable.PVRGenreColors)</visible>
				</control>
				<!-- INFOBAR SETTINGS -->
				<control type="label" id="202">
					<width>963</width>
					<height>60</height>
					<textoffsetx>15</textoffsetx>
					<font>font13_title</font>
					<label>$LOCALIZE[31135]</label>
					<textcolor></textcolor>
				</control>
				<control type="button" id="401">
					<description>Infobar types</description>
					<width>963</width>
					<label>$LOCALIZE[31136]</label>
					<label2>[COLOR ]$VAR[LiveTvInfobarTypeOptionsLabelVar][/COLOR]</label2>
					<onclick>$VAR[LiveTvInfobarTypeOptionsClickVar]</onclick>
				</control>
				<control type="radiobutton" id="406">
					<label>$LOCALIZE[31137]</label>
					<onclick>Skin.ToggleSetting(infobar_hidetencrypt)</onclick>
					<selected>Skin.HasSetting(infobar_hidetencrypt)</selected>
					<width>963</width>
					<visible>!String.IsEqual(Skin.String(LiveTV.InfobarType),1)</visible>
				</control>
				<control type="radiobutton" id="407">
					<label>$LOCALIZE[31138]</label>
					<onclick>Skin.ToggleSetting(infobar_hidetuners)</onclick>
					<selected>Skin.HasSetting(infobar_hidetuners)</selected>
					<width>963</width>
					<visible>!String.IsEqual(Skin.String(LiveTV.InfobarType),1)</visible>
				</control>
				<control type="radiobutton" id="408">
					<label>$LOCALIZE[31139]</label>
					<onclick>Skin.ToggleSetting(infobar_hidesignalinfo)</onclick>
					<selected>Skin.HasSetting(infobar_hidesignalinfo)</selected>
					<width>963</width>
					<visible>!String.IsEqual(Skin.String(LiveTV.InfobarType),1)</visible>
				</control>
				<!-- SIDEBLADE SETTINGS -->
				<control type="label" id="203">
					<width>963</width>
					<height>60</height>
					<textoffsetx>15</textoffsetx>
					<font>font13_title</font>
					<label>$LOCALIZE[31140]</label>
					<textcolor></textcolor>
				</control>
				<control type="radiobutton" id="402">
					<label>$LOCALIZE[31141]</label>
					<onclick>Skin.ToggleSetting(Disable.PVRGuide)</onclick>
					<selected>Skin.HasSetting(Disable.PVRGuide)</selected>
					<width>963</width>
				</control>
				<control type="radiobutton" id="403">
					<label>$LOCALIZE[31143]</label>
					<onclick>Skin.ToggleSetting(Disable.PVRRecordings)</onclick>
					<selected>Skin.HasSetting(Disable.PVRRecordings)</selected>
					<width>963</width>
				</control>
				<control type="radiobutton" id="404">
					<label>$LOCALIZE[31144]</label>
					<onclick>Skin.ToggleSetting(Disable.PVRTimer)</onclick>
					<selected>Skin.HasSetting(Disable.PVRTimer)</selected>
					<width>963</width>
				</control>
				<control type="radiobutton" id="405">
					<label>$LOCALIZE[31145]</label>
					<onclick>Skin.ToggleSetting(Disable.PVRSearch)</onclick>
					<selected>Skin.HasSetting(Disable.PVRSearch)</selected>
					<width>963</width>
				</control>
			</control>
		</control>
	</controls>
</window>