<?xml version="1.0" encoding="UTF-8"?>
<window>
	<defaultcontrol always="true">450</defaultcontrol>
	<coordinates>
		<system>1</system>
		<left>396</left>
		<top>270</top>
	</coordinates>
	<include>DialogOpenCloseAnimation</include>
	<controls>
		<control type="group">
			<animation effect="slide" end="220,0" time="0" condition="String.IsEqual(Skin.String(MainMenu.Layout),vertical)">Conditional</animation>
			<control type="image">
				<width>1128</width>
				<height>540</height>
				<texture border="40">dialogs/default/bg.png</texture>
			</control>
			<control type="image">
				<left>676</left>
				<top>86</top>
				<width>422</width>
				<height>422</height>
				<aspectratio>keep</aspectratio>
				<texture background="true">$INFO[Container(450).ListItem.Icon]</texture>
				<bordertexture border="5">dialogs/default/inner.png</bordertexture>
				<bordersize>1</bordersize>
			</control>
			<control type="label" id="1">
				<left>30</left>
				<top>32</top>
				<width>1068</width>
				<height>40</height>
				<font>font15_title</font>
				<label>$LOCALIZE[1036]</label>
				<align>center</align>
				<textcolor>dialogheader</textcolor>
			</control>
			<control type="image">
				<left>25</left>
				<top>86</top>
				<width>632</width>
				<height>422</height>
				<texture border="5">dialogs/default/fav1.png</texture>
			</control>
			<control type="list" id="450">
				<left>30</left>
				<top>88</top>
				<width>630</width>
				<height>420</height>
				<onup>450</onup>
				<ondown>450</ondown>
				<onleft>60</onleft>
				<onright>60</onright>
				<pagecontrol>60</pagecontrol>
				<scrolltime tween="quadratic" easing="out">200</scrolltime>
				<itemlayout height="60" width="641">
					<control type="label">
						<width>630</width>
						<height>60</height>
						<font>font14</font>
						<textoffsetx>15</textoffsetx>
						<textcolor>grey2</textcolor>
						<label>$INFO[ListItem.Label]</label>
					</control>
					<control type="label">
						<left>630</left>
						<width>630</width>
						<height>60</height>
						<font>font14</font>
						<textoffsetx>15</textoffsetx>
						<textcolor>grey2</textcolor>
						<align>right</align>
						<label>$INFO[ListItem.Label2]</label>
					</control>
				</itemlayout>
				<focusedlayout height="60" width="641">
					<control type="image">
						<left>1</left>
						<width>630</width>
						<height>60</height>
						<texture colordiffuse="" border="5">listselect_fo.png</texture>
						<visible>Control.HasFocus(450)</visible>
						<include>VisibleFadeAnimation</include>
					</control>
					<control type="label">
						<width>630</width>
						<height>60</height>
						<font>font14</font>
						<textoffsetx>15</textoffsetx>
						<label>$INFO[ListItem.Label]</label>
						<animation effect="fade" start="100" end="70" time="300" tween="sine" easing="inout" condition="!Control.HasFocus(450)">Conditional</animation>
					</control>
					<control type="label">
						<left>630</left>
						<width>630</width>
						<height>60</height>
						<font>font14</font>
						<textoffsetx>15</textoffsetx>
						<textcolor>grey</textcolor>
						<align>right</align>
						<label>$INFO[ListItem.Label2]</label>
						<animation effect="fade" start="100" end="70" time="300" tween="sine" easing="inout" condition="!Control.HasFocus(450)">Conditional</animation>
					</control>
				</focusedlayout>
			</control>
			<control type="scrollbar" id="60">
				<left>662</left>
				<top>88</top>
				<height>420</height>
				<width>14</width>
				<onleft>450</onleft>
				<onright>450</onright>
				<ondown>60</ondown>
				<onup>60</onup>
				<showonepage>false</showonepage>
				<texturesliderbackground />
				<texturesliderbar colordiffuse="80FFFFFF" border="4">scrollbar/texturesliderbar3.png</texturesliderbar>
				<texturesliderbarfocus border="4">scrollbar/texturesliderbar3.png</texturesliderbarfocus>
			</control>
		</control>
	</controls>
</window>