<?xml version="1.0" encoding="UTF-8"?>
<window>
	<defaultcontrol>9000</defaultcontrol>
	<onload condition="Control.IsVisible(10)">SetFocus(10)</onload>
	<coordinates>
		<system>1</system>
		<left>502</left>
		<top>293</top>
	</coordinates>
	<include>DialogOpenCloseAnimation</include>
	<controls>
		<control type="label" id="1">
			<width>0</width>
			<height>0</height>
			<font />
			<visible>false</visible>
		</control>
		<control type="image">
			<width>916</width>
			<height>494</height>
			<texture border="40">dialogs/default/bg.png</texture>
		</control>
		<control type="image">
			<left>17</left>
			<top>70</top>
			<width>882</width>
			<height>1</height>
			<texture colordiffuse="">new_pvr/osd_line_white.png</texture>
		</control>
		<control type="progress">
			<left>30</left>
			<top>21</top>
			<width>856</width>
			<height>40</height>
			<info>System.Progressbar</info>
			<colordiffuse></colordiffuse>
			<visible>Window.IsActive(progressdialog)</visible>
		</control>
		<control type="label">
			<left>30</left>
			<top>22</top>
			<width>856</width>
			<height>40</height>
			<textoffsetx>15</textoffsetx>
			<font>font15_title</font>
			<label>$INFO[Control.GetLabel(1)] $INFO[System.Progressbar,- ,%]</label>
			<align>center</align>
			<textcolor>grey2</textcolor>
		</control>
		<control type="textbox" id="9">
			<left>45</left>
			<top>88</top>
			<width>825</width>
			<height>290</height>
			<label />
			<textcolor>grey2</textcolor>
			<autoscroll time="3000" delay="4000" repeat="5000">true</autoscroll>
		</control>
		<control type="grouplist" id="9000">
			<left>30</left>
			<top>402</top>
			<width>856</width>
			<orientation>horizontal</orientation>
			<align>center</align>
			<itemgap>14</itemgap>
			<control type="button" id="11">
				<description>Yes button</description>
				<width>421</width>
				<height>60</height>
				<label>107</label>
				<font>font15_title</font>
				<textcolor>grey2</textcolor>
				<focusedcolor>white</focusedcolor>
				<align>center</align>
				<onleft>10</onleft>
				<onright>10</onright>
				<onup>11</onup>
				<ondown>11</ondown>
				<texturefocus colordiffuse="" border="5">listselect_fo.png</texturefocus>
			</control>
			<control type="button" id="10">
				<description>No button</description>
				<left>465</left>
				<top>402</top>
				<width>421</width>
				<height>60</height>
				<label>106</label>
				<font>font15_title</font>
				<textcolor>grey2</textcolor>
				<focusedcolor>white</focusedcolor>
				<align>center</align>
				<onleft>11</onleft>
				<onright>11</onright>
				<onup>10</onup>
				<ondown>10</ondown>
				<texturefocus colordiffuse="" border="5">listselect_fo.png</texturefocus>
			</control>
		</control>
	</controls>
</window>