<?xml version="1.0" encoding="UTF-8"?>
<window>
	<defaultcontrol always="true">996</defaultcontrol>
	<animation type="WindowOpen" reversible="false">
		<effect type="zoom" start="150" end="100" center="auto" time="300" tween="cubic" easing="out" />
		<effect type="fade" end="100" time="150" />
	</animation>
	<animation type="WindowClose" reversible="false">
		<effect type="fade" start="100" end="0" time="100" delay="100" />
		<effect type="zoom" start="100" end="130" center="auto" time="200" tween="cubic" easing="in" />
	</animation>
	<coordinates>
		<top>80</top>
	</coordinates>
	<controls>
		<control type="image" id="999">
			<top>-34</top>
			<width>510</width>
			<height>1133</height>
			<texture border="30,20,30,2">listpanel_back.png</texture>
		</control>
		<control type="grouplist" id="996">
			<left>30</left>
			<width>510</width>
			<height min="60" max="1080">auto</height>
		</control>
		<control type="button" id="1000">
			<height>60</height>
			<font>font14</font>
			<textoffsetx>15</textoffsetx>
		</control>
	</controls>
</window>