<?xml version="1.0" encoding="UTF-8"?>
<window>
	<animation type="WindowOpen" reversible="false">
		<effect type="slide" start="0,-138" tween="cubic" easing="inout" time="720" />
	</animation>
	<animation type="WindowClose" reversible="false">
		<effect type="slide" end="0,-138" tween="cubic" easing="inout" time="720" />
	</animation>
	<controls>
		<control type="group">
			<visible>String.IsEmpty(Window(Home).Property(script.cinemavision.running))</visible>
			<width>110%</width>
			<control type="image">
				<left>-5%</left>
				<top>-18</top>
				<width>110%</width>
				<height>115</height>
				<align>center</align>
				<texture border="40">dialogs/default/bg.png</texture>
			</control>
			<control type="image" id="400">
				<left>8.5</left>
				<width>80</width>
				<height>80</height>
				<bordertexture border="1,1,2,1">thumbs/panel_border3.png</bordertexture>
				<bordersize>1,1,2,1</bordersize>
				<aspectratio>keep</aspectratio>
			</control>
			<control type="image">
				<left>1835</left>
				<width>80</width>
				<height>80</height>
				<bordertexture border="1,1,2,1">thumbs/panel_border3.png</bordertexture>
				<bordersize>1,1,2,1</bordersize>
				<aspectratio>keep</aspectratio>
				<texture>$INFO[Control.GetLabel(400)]</texture>
			</control>
			<control type="fadelabel" id="401">
				<description>Line 1 Label</description>
				<left>100</left>
				<top>-5</top>
				<width>1720</width>
				<height>40</height>
				<font>font15_title</font>
				<textcolor></textcolor>
				<scrollout>false</scrollout>
				<pauseatend>2000</pauseatend>
				<textoffsetx>10</textoffsetx>
				<align>center</align>
			</control>
			<control type="fadelabel" id="402">
				<description>Line 2 Label</description>
				<left>100</left>
				<top>35</top>
				<width>1720</width>
				<height>40</height>
				<font>font13_title</font>
				<textcolor>grey</textcolor>
				<scrollout>false</scrollout>
				<pauseatend>2000</pauseatend>
				<textoffsetx>10</textoffsetx>
				<align>center</align>
			</control>
		</control>
	</controls>
</window>