<?xml version="1.0" encoding="UTF-8"?>
<window>
	<animation effect="slide" start="0,-60" end="0,0" time="200">WindowOpen</animation>
	<animation effect="slide" start="0,0" end="0,-60" time="200">WindowClose</animation>
	<controls>
		<control type="progress" id="11">
			<width>101%</width>
			<height>37</height>
			<texturebg border="2">osd/texturebg2.png</texturebg>
			<lefttexture />
			<midtexture colordiffuse="" border="2">osd/midtexture.png</midtexture>
			<righttexture />
			<overlaytexture />
			<info>Player.Volume</info>
		</control>
		<control type="togglebutton">
			<left>30</left>
			<width>500</width>
			<height>90</height>
			<font>font13_title</font>
			<textoffsetx>15</textoffsetx>
			<textcolor>grey</textcolor>
			<aligny>top</aligny>
			<texturefocus />
			<texturenofocus />
			<label>$LOCALIZE[13376]</label>
			<altlabel>$LOCALIZE[31491]</altlabel>
			<usealttexture>Player.Muted</usealttexture>
		</control>
		<control type="group">
			<visible>!Player.Muted</visible>
			<control type="label">
				<left>-10</left>
				<top>-3</top>
				<label></label>
				<include>ButtonTopbarCommonvalues</include>
				<visible>!Player.Passthrough</visible>
			</control>
			<control type="label">
				<left>-10</left>
				<top>-3</top>
				<label></label>
				<include>ButtonTopbarCommonvalues</include>
				<visible>Player.Passthrough</visible>
			</control>
		</control>
		<control type="label">
			<left>-10</left>
			<top>-3</top>
			<label></label>
			<include>ButtonTopbarCommonvalues</include>
			<visible>Player.Muted</visible>
		</control>
		<control type="label">
			<left>1255</left>
			<width>640</width>
			<height>90</height>
			<font>font13_title</font>
			<textcolor>grey</textcolor>
			<align>right</align>
			<aligny>top</aligny>
			<label>$INFO[Control.GetLabel(11),,%]</label>
		</control>
	</controls>
</window>