<?xml version="1.0" encoding="UTF-8"?>
<window>
	<defaultcontrol>9000</defaultcontrol>
	<include>DialogOpenCloseAnimation</include>
	<controls>
		<control type="grouplist" id="9000">
			<left>140</left>
			<width>1650</width>
			<height>150</height>
			<onleft>9000</onleft>
			<onright>9000</onright>
			<onup>9000</onup>
			<ondown>9000</ondown>
			<align>center</align>
			<orientation>horizontal</orientation>
			<control type="button" id="2">
				<description>Exit button</description>
				<width>310</width>
				<height>60</height>
				<textcolor>grey2</textcolor>
				<focusedcolor>ffb87333</focusedcolor>
				<textwidth>150</textwidth>
				<textoffsetx>135</textoffsetx>
				<texturefocus colordiffuse="" border="35,2,35,2">button_shutdown_focus.png</texturefocus>
				<texturenofocus border="35,2,35,2">button_shutdown_nofocus.png</texturenofocus>
				<onclick>Quit()</onclick>
				<font>font145</font>
				<label>13012</label>
				<visible>System.ShowExitButton</visible>
			</control>
			
			<control type="button" id="14">
				<description>Settings</description>
				<width>310</width>
				<height>60</height>
				<textcolor>grey2</textcolor>
				<focusedcolor>ffb87333</focusedcolor>
				<textwidth>435</textwidth>
				<textoffsetx>115</textoffsetx>
				<texturefocus colordiffuse="" border="35,2,35,2">button_shutdown_focus.png</texturefocus>
				<texturenofocus border="35,2,35,2">button_shutdown_nofocus.png</texturenofocus>
				<onclick>Dialog.Close(all,true)</onclick>
				<onclick>ActivateWindow(settings)</onclick>
				<font>font145</font>
				<label>$LOCALIZE[5]</label>
			</control>
			<control type="button" id="18">
				<description>Skin Settings</description>
				<width>310</width>
				<height>60</height>
				<textcolor>grey2</textcolor>
				<focusedcolor>ffb87333</focusedcolor>
				<textwidth>435</textwidth>
				<textoffsetx>95</textoffsetx>
				<texturefocus colordiffuse="" border="35,2,35,2">button_shutdown_focus.png</texturefocus>
				<texturenofocus border="35,2,35,2">button_shutdown_nofocus.png</texturenofocus>
				<onclick>Dialog.Close(all,true)</onclick>
				<onclick>ActivateWindow(skinsettings)</onclick>
				<font>font145</font>
				<label>20077</label>
			</control>
			<control type="button" id="15">
				<description>Favorites</description>
				<width>310</width>
				<height>60</height>
				<textcolor>grey2</textcolor>
				<focusedcolor>ffb87333</focusedcolor>
				<textwidth>435</textwidth>
				<textoffsetx>105</textoffsetx>
				<texturefocus colordiffuse="" border="35,2,35,2">button_shutdown_focus.png</texturefocus>
				<texturenofocus border="35,2,35,2">button_shutdown_nofocus.png</texturenofocus>
				<onclick>ActivateWindow(favourites)</onclick>
				<font>font145</font>
				<label>1036</label>
			</control>
			<control type="button" id="17">
				<description>Reload Skin button</description>
				<width>310</width>
				<height>60</height>
				<textcolor>grey2</textcolor>
				<focusedcolor>ffb87333</focusedcolor>
				<textwidth>435</textwidth>
				<textoffsetx>95</textoffsetx>
				<texturefocus colordiffuse="" border="35,2,35,2">button_shutdown_focus.png</texturefocus>
				<texturenofocus border="35,2,35,2">button_shutdown_nofocus.png</texturenofocus>
				<onclick>Dialog.Close(all,true)</onclick>
				<onclick>ReloadSkin()</onclick>
				<font>font145</font>
				<label>20183</label>
			</control>
		</control>
	</controls>
</window>