<?xml version="1.0" encoding="UTF-8"?>
<includes>
	<!-- Built-in-Select -->
	<include name="DefaultSelect">
		<include>DialogOpenCloseAnimation</include>
		<control type="group">
			<left>160</left>
			<top>245</top>
			<animation effect="slide" end="0,-35" condition="Control.IsVisible(6)">Conditional</animation>
			<control type="image">
				<width>1600</width>
				<height>660</height>
				<texture border="40">dialogs/default/bg.png</texture>
				<visible>Control.IsVisible(6)</visible>
			</control>
			<control type="image">
				<left>293</left>
				<width>1030</width>
				<height>590</height>
				<texture border="40">dialogs/default/bg.png</texture>
				<visible>!Control.IsVisible(6) + !Control.IsVisible(5)</visible>
			</control>
			<control type="image">
				<left>293</left>
				<width>1030</width>
				<height>660</height>
				<texture border="40">dialogs/default/bg.png</texture>
				<visible>!Control.IsVisible(6) + Control.IsVisible(5)</visible>
			</control>
			<control type="group">
				<visible>!Control.IsVisible(3)</visible>
				<left>17</left>
				<top>30</top>
				<control type="label">
					<left>33</left>
					<width>1460</width>
					<height>40</height>
					<font>font16_title_bold</font>
					<label>$INFO[Control.GetLabel(1)]</label>
					<textcolor>dialogheader</textcolor>
					<scroll>true</scroll>
				</control>
				<control type="image">
					<top>50</top>
					<width>1566</width>
					<height>1</height>
					<texture colordiffuse="">new_pvr/osd_line_white.png</texture>
				</control>
			</control>
			<control type="group">
				<visible>Control.IsVisible(3)</visible>
				<left>310</left>
				<top>30</top>
				<control type="label">
					<left>30</left>
					<width>1000</width>
					<height>40</height>
					<font>font16_title_bold</font>
					<label>$INFO[Control.GetLabel(1)]</label>
					<textcolor>dialogheader</textcolor>
					<scroll>true</scroll>
				</control>
				<control type="image">
					<top>50</top>
					<width>996</width>
					<height>1</height>
					<texture colordiffuse="">new_pvr/osd_line_white.png</texture>
				</control>
			</control>
			<control type="group">
				<animation effect="slide" start="0" end="0,30" condition="!Control.IsVisible(5)">Conditional</animation>
				<left>1080</left>
				<top>84</top>
				<control type="multiimage">
					<width>495</width>
					<height>495</height>
					<timeperimage>70</timeperimage>
					<fadetime>1</fadetime>
					<randomize>false</randomize>
					<aspectratio aligny="top">keep</aspectratio>
					<imagepath background="true">$INFO[Container(6).ListItem.Icon]</imagepath>
					<visible>Control.IsVisible(6)</visible>
				</control>
			</control>
			<control type="group" id="9000">
				<control type="list" id="3">
					<left>480</left>
					<top>88</top>
					<width>980</width>
					<height>480</height>
					<onup>3</onup>
					<ondown>3</ondown>
					<onleft>60</onleft>
					<onright>97</onright>
					<pagecontrol>60</pagecontrol>
					<animation effect="slide" start="0" end="-157" time="0" tween="quadratic" condition="!Control.IsVisible(6)">Conditional</animation>
					<scrolltime tween="quadratic" easing="out">200</scrolltime>
					<itemlayout height="60" width="980" condition="!Control.IsVisible(6)">
						<control type="label">
							<width>980</width>
							<height>60</height>
							<textoffsetx>15</textoffsetx>
							<font>font14</font>
							<textcolor>grey2</textcolor>
							<shadowcolor>shadow</shadowcolor>
							<label>$INFO[ListItem.Label]</label>
						</control>
						<control type="label">
							<width>980</width>
							<height>60</height>
							<textoffsetx>15</textoffsetx>
							<font>font14</font>
							<textcolor>grey2</textcolor>
							<shadowcolor>shadow</shadowcolor>
							<align>right</align>
							<label>$INFO[ListItem.Label2]</label>
						</control>
					</itemlayout>
					<focusedlayout height="60" width="980" condition="!Control.IsVisible(6)">
						<control type="image">
							<width>980</width>
							<height>60</height>
							<texture colordiffuse="" border="5">listselect_fo.png</texture>
							<visible>Control.HasFocus(3)</visible>
							<include>VisibleFadeAnimation</include>
						</control>
						<control type="label">
							<width>980</width>
							<height>60</height>
							<textoffsetx>15</textoffsetx>
							<font>font14</font>
							<scroll>true</scroll>
							<shadowcolor>shadow</shadowcolor>
							<label>$INFO[ListItem.Label]</label>
							<animation effect="fade" start="100" end="70" time="300" tween="sine" easing="inout" condition="!Control.HasFocus(3)">Conditional</animation>
						</control>
						<control type="label">
							<width>980</width>
							<height>60</height>
							<textoffsetx>15</textoffsetx>
							<font>font14</font>
							<align>right</align>
							<shadowcolor>shadow</shadowcolor>
							<label>$INFO[ListItem.Label2]</label>
							<animation effect="fade" start="100" end="70" time="300" tween="sine" easing="inout" condition="!Control.HasFocus(3)">Conditional</animation>
						</control>
					</focusedlayout>
					<itemlayout height="60" width="800" condition="Control.IsVisible(6)">
						<control type="label">
							<width>780</width>
							<height>60</height>
							<textoffsetx>15</textoffsetx>
							<font>font14</font>
							<textcolor>grey2</textcolor>
							<shadowcolor>shadow</shadowcolor>
							<label>$INFO[ListItem.Label]</label>
						</control>
						<control type="label">
							<width>780</width>
							<height>60</height>
							<textoffsetx>15</textoffsetx>
							<font>font14</font>
							<textcolor>grey2</textcolor>
							<shadowcolor>shadow</shadowcolor>
							<align>right</align>
							<label>$INFO[ListItem.Label2]</label>
						</control>
					</itemlayout>
					<focusedlayout height="60" width="800" condition="Control.IsVisible(6)">
						<control type="image">
							<width>780</width>
							<height>60</height>
							<texture colordiffuse="" border="5">listselect_fo.png</texture>
							<visible>Control.HasFocus(3)</visible>
							<include>VisibleFadeAnimation</include>
						</control>
						<control type="label">
							<width>780</width>
							<height>60</height>
							<textoffsetx>15</textoffsetx>
							<font>font14</font>
							<scroll>true</scroll>
							<shadowcolor>shadow</shadowcolor>
							<label>$INFO[ListItem.Label]</label>
							<animation effect="fade" start="100" end="70" time="300" tween="sine" easing="inout" condition="!Control.HasFocus(3)">Conditional</animation>
						</control>
						<control type="label">
							<width>780</width>
							<height>60</height>
							<textoffsetx>15</textoffsetx>
							<font>font14</font>
							<align>right</align>
							<shadowcolor>shadow</shadowcolor>
							<label>$INFO[ListItem.Label2]</label>
							<animation effect="fade" start="100" end="70" time="300" tween="sine" easing="inout" condition="!Control.HasFocus(3)">Conditional</animation>
						</control>
					</focusedlayout>
				</control>
				<control type="list" id="6">
					<left>32</left>
					<top>88</top>
					<width>1030</width>
					<height>550</height>
					<onup>6</onup>
					<ondown>6</ondown>
					<onleft>60</onleft>
					<onright>97</onright>
					<pagecontrol>60</pagecontrol>
					<scrolltime tween="quadratic" easing="out">200</scrolltime>
					<itemlayout height="55" width="1041">
						<control type="label">
							<width>1030</width>
							<height>55</height>
							<font>font14</font>
							<textoffsetx>15</textoffsetx>
							<textcolor>grey2</textcolor>
							<shadowcolor>shadow</shadowcolor>
							<label>$INFO[ListItem.Label]</label>
						</control>
						<control type="label">
							<width>1030</width>
							<height>55</height>
							<font>font14</font>
							<textoffsetx>15</textoffsetx>
							<textcolor>grey2</textcolor>
							<shadowcolor>shadow</shadowcolor>
							<align>right</align>
							<label>$VAR[DialogSelectLabel2Var]</label>
						</control>
					</itemlayout>
					<focusedlayout height="55" width="1041">
						<control type="image">
							<left>1</left>
							<width>1030</width>
							<height>55</height>
							<texture colordiffuse="" border="5">listselect_fo.png</texture>
							<visible>Control.HasFocus(6)</visible>
							<include>VisibleFadeAnimation</include>
						</control>
						<control type="label">
							<width>1030</width>
							<height>55</height>
							<font>font14</font>
							<textoffsetx>15</textoffsetx>
							<shadowcolor>shadow</shadowcolor>
							<label>$INFO[ListItem.Label]</label>
							<animation effect="fade" start="100" end="70" time="300" tween="sine" easing="inout" condition="!Control.HasFocus(6)">Conditional</animation>
						</control>
						<control type="label">
							<width>1030</width>
							<height>55</height>
							<font>font14</font>
							<textoffsetx>15</textoffsetx>
							<align>right</align>
							<shadowcolor>shadow</shadowcolor>
							<label>$VAR[DialogSelectLabel2Var]</label>
							<animation effect="fade" start="100" end="70" time="300" tween="sine" easing="inout" condition="!Control.HasFocus(6)">Conditional</animation>
						</control>
					</focusedlayout>
				</control>
			</control>
			<control type="scrollbar" id="60">
				<left>16</left>
				<top>88</top>
				<height>480</height>
				<width>14</width>
				<onleft>5</onleft>
				<onright>9000</onright>
				<ondown>60</ondown>
				<onup>60</onup>
				<showonepage>false</showonepage>
				<texturesliderbackground />
				<texturesliderbar colordiffuse="80FFFFFF" border="4">scrollbar/texturesliderbar3.png</texturesliderbar>
				<texturesliderbarfocus border="4">scrollbar/texturesliderbar3.png</texturesliderbarfocus>
				<animation effect="slide" start="0" end="293" time="0" tween="quadratic" condition="!Control.IsVisible(6)">Conditional</animation>
			</control>
			<control type="group">
				<animation effect="slide" start="0" end="-280" time="0" condition="!Control.IsVisible(6)">Conditional</animation>
				<left>1080</left>
				<top>2</top>
				<control type="button" id="97">
					<description>Cancel button</description>
					<left>430</left>
					<texturefocus />
					<texturenofocus />
					<width>80</width>
					<height>90</height>
					<align>right</align>
					<font>IconMedium</font>
					<textcolor>grey2</textcolor>
					<shadowcolor>shadow</shadowcolor>
					<focusedcolor></focusedcolor>
					<label></label>
					<onclick>back</onclick>
					<onleft>9000</onleft>
					<ondown>5</ondown>
				</control>
				<control type="button" id="5">
					<description>Manual button</description>
					<top>578</top>
					<width>495</width>
					<label>186</label>
					<align>right</align>
					<textcolor>grey2</textcolor>
					<shadowcolor>shadow</shadowcolor>
					<onleft>9000</onleft>
					<onup>97</onup>
					<animation effect="slide" start="0" end="-112" time="0" condition="!Control.IsVisible(6) + !Control.IsVisible(5)">Conditional</animation>
				</control>
			</control>
			<control type="label" id="1">
				<include>HiddenObject</include>
			</control>
			<control type="button" id="7">
				<description>Cancel button</description>
				<include>HiddenObject</include>
			</control>
		</control>
	</include>
	<include name="GameSelect">
		<control type="group">
			<top>750</top>
			<animation effect="slide" end="0,60" condition="!Window.IsActive(gamevideofilter)">Conditional</animation>
			<animation effect="slide" start="0,400" end="0,0" time="500" tween="cubic" easing="out">WindowOpen</animation>
			<animation effect="slide" end="0,400" start="0,0" time="500" tween="cubic" easing="out">WindowClose</animation>
			<control type="image">
				<top>1</top>
				<width>100%</width>
				<height>345</height>
				<texture colordiffuse="99FFFFFF" flipy="true" border="1,40,1,1">topbar.png</texture>
			</control>
			<control type="panel" id="11">
				<left>5</left>
				<top>25</top>
				<width>100%</width>
				<height>325</height>
				<onleft>9000</onleft>
				<onright>11</onright>
				<ondown>60</ondown>
				<onup>11</onup>
				<scrolltime tween="quadratic" easing="out">400</scrolltime>
				<viewtype label="536">icon</viewtype>
				<orientation>horizontal</orientation>
				<preloaditems>2</preloaditems>
				<itemlayout height="325" width="480">
					<control type="group">
						<left>15</left>
						<top>15</top>
						<control type="gamewindow">
							<width>400</width>
							<height>225</height>
							<videofilter>$INFO[ListItem.Property(game.videofilter)]</videofilter>
							<stretchmode>$INFO[ListItem.Property(game.stretchmode)]</stretchmode>
							<rotation>$INFO[ListItem.Property(game.videorotation)]</rotation>
						</control>
						<control type="image">
							<top>175</top>
							<width>400</width>
							<height>50</height>
							<texture colordiffuse="88FFFFFF">black.png</texture>
						</control>
						<control type="group">
							<visible>!String.IsEmpty(ListItem.Label2)</visible>
							<control type="label">
								<top>175</top>
								<width>400</width>
								<height>40</height>
								<textoffsetx>10</textoffsetx>
								<textcolor>grey2</textcolor>
								<label>$INFO[ListItem.Label]</label>
							</control>
							<control type="label">
								<top>175</top>
								<width>400</width>
								<height>40</height>
								<align>right</align>
								<textoffsetx>10</textoffsetx>
								<textcolor>grey2</textcolor>
								<label>$INFO[ListItem.Label2]</label>
							</control>
						</control>
						<control type="label">
							<top>175</top>
							<width>400</width>
							<height>40</height>
							<textoffsetx>10</textoffsetx>
							<textcolor>grey2</textcolor>
							<align>center</align>
							<label>$INFO[ListItem.Label]</label>
							<visible>String.IsEmpty(ListItem.Label2)</visible>
						</control>
						<control type="image">
							<width>400</width>
							<height>225</height>
							<texture colordiffuse="44FFFFFF">black.png</texture>
						</control>
					</control>
				</itemlayout>
				<focusedlayout height="325" width="480">
					<control type="group">
						<left>15</left>
						<top>15</top>
						<control type="gamewindow">
							<width>400</width>
							<height>225</height>
							<videofilter>$INFO[ListItem.Property(game.videofilter)]</videofilter>
							<stretchmode>$INFO[ListItem.Property(game.stretchmode)]</stretchmode>
							<rotation>$INFO[ListItem.Property(game.videorotation)]</rotation>
						</control>
						<control type="image">
							<top>175</top>
							<width>400</width>
							<height>50</height>
							<texture colordiffuse="88FFFFFF">black.png</texture>
						</control>
						<control type="group">
							<visible>!String.IsEmpty(ListItem.Label2)</visible>
							<control type="label">
								<top>175</top>
								<width>400</width>
								<height>40</height>
								<textoffsetx>10</textoffsetx>
								<label>$INFO[ListItem.Label]</label>
							</control>
							<control type="label">
								<top>175</top>
								<width>400</width>
								<height>40</height>
								<align>right</align>
								<textoffsetx>10</textoffsetx>
								<label>$INFO[ListItem.Label2]</label>
							</control>
						</control>
						<control type="label">
							<top>175</top>
							<width>400</width>
							<height>40</height>
							<textoffsetx>10</textoffsetx>
							<align>center</align>
							<label>$INFO[ListItem.Label]</label>
							<visible>String.IsEmpty(ListItem.Label2)</visible>
						</control>
						<control type="image">
							<width>400</width>
							<height>225</height>
							<texture colordiffuse="44FFFFFF">black.png</texture>
							<include>FocusFadeOutAnimation</include>
						</control>
					</control>
					<control type="image">
						<width>430</width>
						<height>255</height>
						<texture colordiffuse="" border="10">thumbs/thumbnail_focused.png</texture>
						<bordersize>10</bordersize>
						<include>FocusFadeInAnimation</include>
					</control>
				</focusedlayout>
			</control>
			<control type="label" id="12">
				<top>270</top>
				<width>100%</width>
				<height>60</height>
				<align>justify</align>
				<textoffsetx>20</textoffsetx>
				<shadowcolor>shadow</shadowcolor>
				<font>font14_textbox</font>
				<scroll>true</scroll>
			</control>
		</control>
	</include>
	<!-- Custom Select -->
	<include name="SelectGameOSDSettings">
		<item>
			<description>Video filter button</description>
			<label>$LOCALIZE[35225]</label>
			<onclick>ActivateWindow(GameVideoFilter)</onclick>
		</item>
		<item>
			<description>Stretch mode button</description>
			<label>$LOCALIZE[35233]</label>
			<onclick>ActivateWindow(GameStretchMode)</onclick>
		</item>
		<item>
			<description>Video rotation button</description>
			<label>$LOCALIZE[35227]</label>
			<onclick>ActivateWindow(GameVideoRotation)</onclick>
		</item>
		<item>
			<description>Volume button</description>
			<label>$LOCALIZE[13376]</label>
			<label2>[COLOR grey]Select + Right Stick[/COLOR]</label2>
			<onclick>ActivateWindow(GameVolume)</onclick>
		</item>
		<item>
			<description>Controller settings button</description>
			<label>$LOCALIZE[35234]</label>
			<onclick>ActivateWindow(GameControllers)</onclick>
		</item>
		<item>
			<description>Advanced settings</description>
			<label>$LOCALIZE[35226]</label>
			<onclick>ActivateWindow(GameAdvancedSettings)</onclick>
		</item>
	</include>
	<include name="SelectSearch">
		<item>
			<label>$LOCALIZE[31472]</label>
			<onclick>Dialog.Close(1129)</onclick>
			<onclick>SendClick(videos,8)</onclick>
			<visible>Window.IsActive(videos)</visible>
		</item>
		<item>
			<label>$LOCALIZE[31456]</label>
			<onclick>Dialog.Close(1129)</onclick>
			<onclick condition="System.hasAddon(script.globalsearch)">RunScript(script.globalsearch)</onclick>
			<onclick condition="!System.hasAddon(script.globalsearch)">InstallAddon(script.globalsearch)</onclick>
		</item>
		<item>
			<label>$LOCALIZE[31457]</label>
			<onclick>Dialog.Close(1129)</onclick>
			<onclick condition="System.hasAddon(plugin.video.youtube)">ActivateWindow(videos,"plugin://plugin.video.youtube/kodion/search/list/",return)</onclick>
			<onclick condition="!System.hasAddon(plugin.video.youtube)">InstallAddon(plugin.video.youtube)</onclick>
		</item>
		<item>
			<label>$LOCALIZE[31458]</label>
			<onclick>Dialog.Close(1129)</onclick>
			<onclick condition="System.hasAddon(script.extendedinfo)">RunScript(script.extendedinfo,info=moviedbbrowser,search=True)</onclick>
			<onclick condition="!System.hasAddon(script.extendedinfo)">InstallAddon(script.extendedinfo)</onclick>
		</item>
	</include>
	<include name="SelectActorName">
		<item>
			<label>$LOCALIZE[31148]</label>
			<onclick>Dialog.Close(1129)</onclick>
			<onclick>SetProperty(DoAction,True,movieinformation)</onclick>
		</item>
		<item>
			<label>$LOCALIZE[31149]</label>
			<onclick>Dialog.Close(1129)</onclick>
			<onclick>ClearProperty(ActorID,movieinformation)</onclick>
			<onclick>ClearProperty(DirectorID,movieinformation)</onclick>
			<onclick>RunScript(script.extendedinfo,info=extendedactorinfo,name=$INFO[Window(movieinformation).Property(ActorName)])</onclick>
			<onclick>ClearProperty(ActorName,movieinformation)</onclick>
		</item>
	</include>
	<include name="SelectMainMenuLayout">
		<item>
			<label>5 $LOCALIZE[31025]</label>
			<onclick>Dialog.Close(1129)</onclick>
			<onclick>Skin.Reset(MainMenu.Layout)</onclick>
		</item>
		<item>
			<label>3 $LOCALIZE[31025]</label>
			<onclick>Dialog.Close(1129)</onclick>
			<onclick>Skin.SetString(MainMenu.Layout,3)</onclick>
		</item>
		<item>
			<label>1 $LOCALIZE[31025]</label>
			<onclick>Dialog.Close(1129)</onclick>
			<onclick>Skin.SetString(MainMenu.Layout,1)</onclick>
		</item>
		<item>
			<label>$LOCALIZE[536]</label>
			<onclick>Dialog.Close(1129)</onclick>
			<onclick>Skin.SetString(MainMenu.Layout,icons)</onclick>
		</item>
		<item>
			<label>$LOCALIZE[31994]</label>
			<onclick>Dialog.Close(1129)</onclick>
			<onclick>Skin.SetString(MainMenu.Layout,vertical)</onclick>
		</item>
	</include>
	<include name="SelectFanartTimePerImage">
		<item>
			<label>5 $LOCALIZE[31090]</label>
			<onclick>Dialog.Close(1129)</onclick>
			<onclick>Skin.SetString(FanartTimePerImage,5)</onclick>
		</item>
		<item>
			<label>6 $LOCALIZE[31090]</label>
			<onclick>Dialog.Close(1129)</onclick>
			<onclick>Skin.SetString(FanartTimePerImage,6)</onclick>
		</item>
		<item>
			<label>7 $LOCALIZE[31090]</label>
			<onclick>Dialog.Close(1129)</onclick>
			<onclick>Skin.Reset(FanartTimePerImage)</onclick>
		</item>
		<item>
			<label>8 $LOCALIZE[31090]</label>
			<onclick>Dialog.Close(1129)</onclick>
			<onclick>Skin.SetString(FanartTimePerImage,8)</onclick>
		</item>
		<item>
			<label>9 $LOCALIZE[31090]</label>
			<onclick>Dialog.Close(1129)</onclick>
			<onclick>Skin.SetString(FanartTimePerImage,9)</onclick>
		</item>
		<item>
			<label>10 $LOCALIZE[31090]</label>
			<onclick>Dialog.Close(1129)</onclick>
			<onclick>Skin.SetString(FanartTimePerImage,10)</onclick>
		</item>
		<item>
			<label>15 $LOCALIZE[31090]</label>
			<onclick>Dialog.Close(1129)</onclick>
			<onclick>Skin.SetString(FanartTimePerImage,15)</onclick>
		</item>
		<item>
			<label>20 $LOCALIZE[31090]</label>
			<onclick>Dialog.Close(1129)</onclick>
			<onclick>Skin.SetString(FanartTimePerImage,20)</onclick>
		</item>
		<item>
			<label>30 $LOCALIZE[31090]</label>
			<onclick>Dialog.Close(1129)</onclick>
			<onclick>Skin.SetString(FanartTimePerImage,30)</onclick>
		</item>
		<item>
			<label>60 $LOCALIZE[31090]</label>
			<onclick>Dialog.Close(1129)</onclick>
			<onclick>Skin.SetString(FanartTimePerImage,60)</onclick>
		</item>
		<item>
			<label>90 $LOCALIZE[31090]</label>
			<onclick>Dialog.Close(1129)</onclick>
			<onclick>Skin.SetString(FanartTimePerImage,90)</onclick>
		</item>
	</include>
	<include name="SelectLanguageFlags">
		<item>
			<label>$LOCALIZE[231]</label>
			<onclick>Dialog.Close(1129)</onclick>
			<onclick>Skin.Reset(LanguageFlags)</onclick>
		</item>
		<item>
			<label>$LOCALIZE[292]</label>
			<onclick>Dialog.Close(1129)</onclick>
			<onclick>Skin.SetString(LanguageFlags,1)</onclick>
		</item>
		<item>
			<label>$LOCALIZE[287]</label>
			<onclick>Dialog.Close(1129)</onclick>
			<onclick>Skin.SetString(LanguageFlags,2)</onclick>
		</item>
		<item>
			<label>$LOCALIZE[21475]</label>
			<onclick>Dialog.Close(1129)</onclick>
			<onclick>Skin.SetString(LanguageFlags,3)</onclick>
		</item>
	</include>
	<include name="SelectWidgetOpacity">
		<item>
			<label>100%</label>
			<onclick>Dialog.Close(1129)</onclick>
			<onclick>Skin.Reset(Widget.Trans)</onclick>
		</item>
		<item>
			<label>95%</label>
			<onclick>Dialog.Close(1129)</onclick>
			<onclick>Skin.SetString(Widget.Trans,95)</onclick>
		</item>
		<item>
			<label>90%</label>
			<onclick>Dialog.Close(1129)</onclick>
			<onclick>Skin.SetString(Widget.Trans,90)</onclick>
		</item>
		<item>
			<label>85%</label>
			<onclick>Dialog.Close(1129)</onclick>
			<onclick>Skin.SetString(Widget.Trans,85)</onclick>
		</item>
		<item>
			<label>80%</label>
			<onclick>Dialog.Close(1129)</onclick>
			<onclick>Skin.SetString(Widget.Trans,80)</onclick>
		</item>
		<item>
			<label>75%</label>
			<onclick>Dialog.Close(1129)</onclick>
			<onclick>Skin.SetString(Widget.Trans,75)</onclick>
		</item>
		<item>
			<label>70%</label>
			<onclick>Dialog.Close(1129)</onclick>
			<onclick>Skin.SetString(Widget.Trans,70)</onclick>
		</item>
		<item>
			<label>65%</label>
			<onclick>Dialog.Close(1129)</onclick>
			<onclick>Skin.SetString(Widget.Trans,65)</onclick>
		</item>
		<item>
			<label>60%</label>
			<onclick>Dialog.Close(1129)</onclick>
			<onclick>Skin.SetString(Widget.Trans,60)</onclick>
		</item>
		<item>
			<label>55%</label>
			<onclick>Dialog.Close(1129)</onclick>
			<onclick>Skin.SetString(Widget.Trans,55)</onclick>
		</item>
		<item>
			<label>50%</label>
			<onclick>Dialog.Close(1129)</onclick>
			<onclick>Skin.SetString(Widget.Trans,50)</onclick>
		</item>
	</include>
	<include name="SelectWidgetBack">
		<item>
			<label>$LOCALIZE[571]</label>
			<onclick>Dialog.Close(1129)</onclick>
			<onclick>Skin.Reset(Widget.Back)</onclick>
		</item>
		<item>
			<label>$LOCALIZE[31723]</label>
			<onclick>Dialog.Close(1129)</onclick>
			<onclick>Skin.SetString(Widget.Back,Flat)</onclick>
		</item>
		<item>
			<label>$LOCALIZE[192]</label>
			<onclick>Dialog.Close(1129)</onclick>
			<onclick>Skin.SetString(Widget.Back,Clear)</onclick>
		</item>
		<item>
			<label>$LOCALIZE[31724]</label>
			<onclick>Dialog.Close(1129)</onclick>
			<onclick>Skin.SetString(Widget.Back,Clear White)</onclick>
		</item>
		<item>
			<label>$LOCALIZE[31725]</label>
			<onclick>Dialog.Close(1129)</onclick>
			<onclick>Skin.SetString(Widget.Back,Colored Default)</onclick>
		</item>
		<item>
			<label>$LOCALIZE[31726]</label>
			<onclick>Dialog.Close(1129)</onclick>
			<onclick>Skin.SetString(Widget.Back,Colored Flat)</onclick>
		</item>
		<item>
			<label>$LOCALIZE[31727]</label>
			<onclick>Dialog.Close(1129)</onclick>
			<onclick>Skin.SetString(Widget.Back,Colored Clear)</onclick>
		</item>
		<item>
			<label>$LOCALIZE[31728]</label>
			<onclick>Dialog.Close(1129)</onclick>
			<onclick>Skin.SetString(Widget.Back,Colored Clear White)</onclick>
		</item>
		<item>
			<label>$LOCALIZE[231]</label>
			<onclick>Dialog.Close(1129)</onclick>
			<onclick>Skin.SetString(Widget.Back,)</onclick>
		</item>
	</include>
	<include name="SelectWidgetCaseInfo">
		<item>
			<label>$LOCALIZE[231]</label>
			<onclick>Dialog.Close(1129)</onclick>
			<onclick>Skin.Reset(Widget.CaseInfo)</onclick>
		</item>
		<item>
			<label>$LOCALIZE[31721]</label>
			<onclick>Dialog.Close(1129)</onclick>
			<onclick>Skin.SetString(Widget.CaseInfo,Glass)</onclick>
		</item>
		<item>
			<label>$LOCALIZE[31707]</label>
			<onclick>Dialog.Close(1129)</onclick>
			<onclick>Skin.SetString(Widget.CaseInfo,Case)</onclick>
		</item>
		<item>
			<label>$LOCALIZE[31722]</label>
			<onclick>Dialog.Close(1129)</onclick>
			<onclick>Skin.SetString(Widget.CaseInfo,Clear Case)</onclick>
		</item>
		<item>
			<label>$LOCALIZE[31746]</label>
			<onclick>Dialog.Close(1129)</onclick>
			<onclick>Skin.SetString(Widget.CaseInfo,Match widget panel)</onclick>
		</item>
	</include>
	<include name="SelectMyFlixDimmer">
		<item>
			<label>100%</label>
			<onclick>Dialog.Close(1129)</onclick>
			<onclick>Skin.SetString(MyFlix.Dimmer,100%)</onclick>
		</item>
		<item>
			<label>90%</label>
			<onclick>Dialog.Close(1129)</onclick>
			<onclick>Skin.SetString(MyFlix.Dimmer,90%)</onclick>
		</item>
		<item>
			<label>80%</label>
			<onclick>Dialog.Close(1129)</onclick>
			<onclick>Skin.SetString(MyFlix.Dimmer,80%)</onclick>
		</item>
		<item>
			<label>70%</label>
			<onclick>Dialog.Close(1129)</onclick>
			<onclick>Skin.SetString(MyFlix.Dimmer,70%)</onclick>
		</item>
		<item>
			<label>60% - $LOCALIZE[571]</label>
			<onclick>Dialog.Close(1129)</onclick>
			<onclick>Skin.Reset(MyFlix.Dimmer)</onclick>
		</item>
		<item>
			<label>50%</label>
			<onclick>Dialog.Close(1129)</onclick>
			<onclick>Skin.SetString(MyFlix.Dimmer,50%)</onclick>
		</item>
		<item>
			<label>40%</label>
			<onclick>Dialog.Close(1129)</onclick>
			<onclick>Skin.SetString(MyFlix.Dimmer,40%)</onclick>
		</item>
		<item>
			<label>30%</label>
			<onclick>Dialog.Close(1129)</onclick>
			<onclick>Skin.SetString(MyFlix.Dimmer,30%)</onclick>
		</item>
		<item>
			<label>20%</label>
			<onclick>Dialog.Close(1129)</onclick>
			<onclick>Skin.SetString(MyFlix.Dimmer,20%)</onclick>
		</item>
		<item>
			<label>10%</label>
			<onclick>Dialog.Close(1129)</onclick>
			<onclick>Skin.SetString(MyFlix.Dimmer,10%)</onclick>
		</item>
		<item>
			<label>0%</label>
			<onclick>Dialog.Close(1129)</onclick>
			<onclick>Skin.SetString(MyFlix.Dimmer,0%)</onclick>
		</item>
	</include>
	<include name="SelectDialogInfoDimmer">
		<item>
			<label>90%</label>
			<onclick>Dialog.Close(1129)</onclick>
			<onclick>Skin.SetString(DialogInfo.Dimmer,90%)</onclick>
		</item>
		<item>
			<label>85% - $LOCALIZE[571]</label>
			<onclick>Dialog.Close(1129)</onclick>
			<onclick>Skin.Reset(DialogInfo.Dimmer)</onclick>
		</item>
		<item>
			<label>80%</label>
			<onclick>Dialog.Close(1129)</onclick>
			<onclick>Skin.SetString(DialogInfo.Dimmer,80%)</onclick>
		</item>
		<item>
			<label>75%</label>
			<onclick>Dialog.Close(1129)</onclick>
			<onclick>Skin.SetString(DialogInfo.Dimmer,75%)</onclick>
		</item>
		<item>
			<label>70%</label>
			<onclick>Dialog.Close(1129)</onclick>
			<onclick>Skin.SetString(DialogInfo.Dimmer,70%)</onclick>
		</item>
		<item>
			<label>65%</label>
			<onclick>Dialog.Close(1129)</onclick>
			<onclick>Skin.SetString(DialogInfo.Dimmer,65%)</onclick>
		</item>
		<item>
			<label>60%</label>
			<onclick>Dialog.Close(1129)</onclick>
			<onclick>Skin.SetString(DialogInfo.Dimmer,60%)</onclick>
		</item>
		<item>
			<label>55%</label>
			<onclick>Dialog.Close(1129)</onclick>
			<onclick>Skin.SetString(DialogInfo.Dimmer,55%)</onclick>
		</item>
		<item>
			<label>50%</label>
			<onclick>Dialog.Close(1129)</onclick>
			<onclick>Skin.SetString(DialogInfo.Dimmer,50%)</onclick>
		</item>
	</include>
	<include name="SelectDefaultBackground">
		<item>
			<label>$LOCALIZE[13007]</label>
			<onclick>Dialog.Close(1129)</onclick>
			<onclick>Skin.Reset(CustomDefaultBackground.path)</onclick>
		</item>
		<item>
			<label>$ADDON[script.skinshortcuts 32051]</label>
			<onclick>Dialog.Close(1129)</onclick>
			<onclick>Skin.SetImage(CustomDefaultBackground.path,special://skin/backgrounds)</onclick>
		</item>
		<item>
			<label>$ADDON[script.skinshortcuts 32052]</label>
			<onclick>Dialog.Close(1129)</onclick>
			<onclick>Skin.SetPath(CustomDefaultBackground.path)</onclick>
		</item>
	</include>
	<include name="SelectMusicVizBackground">
		<item>
			<label>$LOCALIZE[20445]</label>
			<onclick>Dialog.Close(1129)</onclick>
			<onclick>Skin.Reset(Viz.Background)</onclick>
		</item>
		<item>
			<label>$LOCALIZE[31020]</label>
			<onclick>Dialog.Close(1129)</onclick>
			<onclick>Skin.SetString(Viz.Background,7)</onclick>
		</item>
		<item>
			<label>$LOCALIZE[31068]</label>
			<onclick>Dialog.Close(1129)</onclick>
			<onclick>Skin.SetString(Viz.Background,1)</onclick>
		</item>
		<item>
			<label>$LOCALIZE[31065]</label>
			<onclick>Dialog.Close(1129)</onclick>
			<onclick>Skin.SetString(Viz.Background,2)</onclick>
		</item>
		<item>
			<label fallback="31059">$INFO[System.AddonTitle(script.artistslideshow)]</label>
			<onclick>Dialog.Close(1129)</onclick>
			<onclick>Skin.SetString(Viz.Background,3)</onclick>
		</item>
		<item>
			<label>$LOCALIZE[31002]</label>
			<onclick>Dialog.Close(1129)</onclick>
			<onclick condition="System.HasAddon(script.colorbox)">Skin.SetString(Viz.Background,4)</onclick>
			<onclick condition="!System.HasAddon(script.colorbox)">InstallAddon(script.colorbox)</onclick>
		</item>
		<item>
			<label>$ADDON[script.skinshortcuts 32051]</label>
			<onclick>Dialog.Close(1129)</onclick>
			<onclick>Skin.SetString(Viz.Background,5)</onclick>
			<onclick>Skin.SetImage(CustomMusicBackground.path,special://skin/backgrounds)</onclick>
		</item>
		<item>
			<label>$ADDON[script.skinshortcuts 32052]</label>
			<onclick>Dialog.Close(1129)</onclick>
			<onclick>Skin.SetString(Viz.Background,6)</onclick>
			<onclick>Skin.SetPath(CustomMusicBackground.path)</onclick>
		</item>
	</include>
</includes>