<?xml version="1.0" encoding="UTF-8"?>
<includes>
	<include name="IconsBackPanel">
		<control type="image">
			<left>90</left>
			<top>900</top>
			<width>1740</width>
			<height>784</height>
			<texture border="40">panel_reflect.png</texture>
		</control>
		<control type="image">
			<left>90</left>
			<top>148</top>
			<width>1740</width>
			<height>784</height>
			<texture border="40">listpanel_back.png</texture>
		</control>
	</include>
	<!-- Video Wall -->
	<include name="VideoIcons">
		<control type="group">
			<visible>Control.IsVisible(500) + !Window.IsActive(addoninformation)</visible>
			<include>ViewAnimation</include>
			<include>IconsBackPanel</include>
			<top>-30</top>
			<control type="panel" id="500">
				<left>120</left>
				<top>179</top>
				<width>1680</width>
				<height>720</height>
				<onleft>SetProperty(MediaMenu,True,Home)</onleft>
				<onleft>SetFocus(9050)</onleft>
				<onright>50060</onright>
				<onup>500</onup>
				<ondown>500</ondown>
				<pagecontrol>50060</pagecontrol>
				<preloaditems>2</preloaditems>
				<scrolltime tween="quadratic" easing="out">300</scrolltime>
				<itemlayout height="360" width="240" condition="Container.Content(movies) | Container.Content(tvshows) | Container.Content(seasons) | Container.Content(sets)">
					<control type="image">
						<width>240</width>
						<height>360</height>
						<texture colordiffuse="BAFFFFFF" background="true">$VAR[PosterThumb]</texture>
						<bordertexture border="2">thumbs/panel_border3.png</bordertexture>
						<bordersize>2</bordersize>
					</control>
					<control type="image">
						<left>152</left>
						<top>1</top>
						<width>100</width>
						<height>100</height>
						<texture>$VAR[OverlayVar]</texture>
						<aspectratio align="center" aligny="top">keep</aspectratio>
						<bordersize>1</bordersize>
						<visible>[!String.IsEmpty(Skin.String(500.Movies.DisableOverlay)) + Container.Content(movies)] | [!String.IsEmpty(Skin.String(500.TV.DisableOverlay)) + Container.Content(tvshows)] | [!String.IsEmpty(Skin.String(500.Seasons.DisableOverlay)) + Container.Content(seasons)] | [!String.IsEmpty(Skin.String(500.Sets.DisableOverlay)) + Container.Content(sets)]</visible>
					</control>
					<control type="group">
						<left>15</left>
						<top>15</top>
						<include condition="Skin.HasSetting(Disable.UnwatchedIcon)">UnwatchedIcon</include>
					</control>
				</itemlayout>
				<focusedlayout height="360" width="240" condition="Container.Content(movies) | Container.Content(tvshows) | Container.Content(seasons) | Container.Content(sets)">
					<control type="group">
						<animation type="Focus" reversible="false">
							<effect type="zoom" start="95" end="100" time="300" tween="sine" easing="inout" center="auto" />
							<effect type="fade" start="80" end="100" time="300" tween="sine" easing="in" />
						</animation>
						<control type="image">
							<width>240</width>
							<height>360</height>
							<texture background="true">$VAR[PosterThumb]</texture>
							<bordertexture colordiffuse="" border="8">thumbs/thumbnail_focused.png</bordertexture>
							<bordersize>8</bordersize>
						</control>
						<control type="image">
							<left>151</left>
							<width>100</width>
							<height>100</height>
							<texture>$VAR[OverlayVar]</texture>
							<aspectratio align="center" aligny="top">keep</aspectratio>
							<bordersize>8</bordersize>
							<visible>[!String.IsEmpty(Skin.String(500.Movies.DisableOverlay)) + Container.Content(movies)] | [!String.IsEmpty(Skin.String(500.TV.DisableOverlay)) + Container.Content(tvshows)] | [!String.IsEmpty(Skin.String(500.Seasons.DisableOverlay)) + Container.Content(seasons)] | [!String.IsEmpty(Skin.String(500.Sets.DisableOverlay)) + Container.Content(sets)]</visible>
						</control>
						<control type="group">
							<left>15</left>
							<top>15</top>
							<include condition="Skin.HasSetting(Disable.UnwatchedIcon)">UnwatchedIcon</include>
						</control>
					</control>
				</focusedlayout>
				<itemlayout height="360" width="240" condition="Container.Content(genres)">
					<control type="image">
						<width>240</width>
						<height>360</height>
						<aspectratio>scale</aspectratio>
						<texture colordiffuse="BAFFFFFF" background="true" fallback="special://skin/extras/moviegenres/default/Default.jpg">$VAR[GenreIconVar]</texture>
						<bordertexture border="2">thumbs/panel_border3.png</bordertexture>
						<bordersize>2</bordersize>
					</control>
				</itemlayout>
				<focusedlayout height="360" width="240" condition="Container.Content(genres)">
					<control type="group">
						<animation type="Focus" reversible="false">
							<effect type="zoom" start="95" end="100" time="300" tween="sine" easing="inout" center="auto" />
							<effect type="fade" start="80" end="100" time="300" tween="sine" easing="in" />
						</animation>
						<control type="image">
							<width>240</width>
							<height>360</height>
							<aspectratio>scale</aspectratio>
							<texture colordiffuse="BAFFFFFF" background="true" fallback="special://skin/extras/moviegenres/default/Default.jpg">$VAR[GenreIconVar]</texture>
							<bordertexture colordiffuse="" border="8">thumbs/thumbnail_focused.png</bordertexture>
							<bordersize>8</bordersize>
						</control>
					</control>
				</focusedlayout>
				<itemlayout height="240" width="240" condition="Container.Content(addons)">
					<control type="image">
						<width>240</width>
						<height>240</height>
						<aspectratio>scale</aspectratio>
						<texture colordiffuse="BAFFFFFF" background="true">$INFO[ListItem.Icon]</texture>
						<bordertexture border="2">thumbs/panel_border3.png</bordertexture>
						<bordersize>2</bordersize>
					</control>
				</itemlayout>
				<focusedlayout height="240" width="240" condition="Container.Content(addons)">
					<control type="image">
						<width>240</width>
						<height>240</height>
						<aspectratio>scale</aspectratio>
						<texture background="true">$INFO[ListItem.Icon]</texture>
						<bordertexture colordiffuse="" border="8">thumbs/thumbnail_focused.png</bordertexture>
						<bordersize>8</bordersize>
						<animation type="Focus" reversible="false">
							<effect type="zoom" start="95" end="100" time="300" tween="sine" easing="inout" center="auto" />
							<effect type="fade" start="80" end="100" time="300" tween="sine" easing="in" />
						</animation>
					</control>
				</focusedlayout>
				<itemlayout height="360" width="420" condition="![Container.Content(addons) | Container.Content(genres) | Container.Content(movies) | Container.Content(tvshows) | Container.Content(seasons) | Container.Content(sets)]">
					<control type="image">
						<width>420</width>
						<height>360</height>
						<aspectratio>scale</aspectratio>
						<texture colordiffuse="BAFFFFFF" background="true">$VAR[PosterThumb]</texture>
						<bordertexture border="2">thumbs/panel_border3.png</bordertexture>
						<bordersize>2</bordersize>
					</control>
					<control type="image">
						<left>320</left>
						<width>100</width>
						<height>100</height>
						<texture>$VAR[OverlayVar]</texture>
						<aspectratio align="center" aligny="top">keep</aspectratio>
						<bordersize>1</bordersize>
					</control>
					<control type="image">
						<top>310</top>
						<width>420</width>
						<height>50</height>
						<texture>black.png</texture>
						<bordersize>2</bordersize>
						<colordiffuse>88ffffff</colordiffuse>
					</control>
					<control type="label">
						<top>310</top>
						<width>420</width>
						<height>40</height>
						<align>center</align>
						<textoffsetx>10</textoffsetx>
						<textcolor>grey2</textcolor>
						<info>ListItem.Label</info>
					</control>
				</itemlayout>
				<focusedlayout height="360" width="420" condition="![Container.Content(addons) | Container.Content(genres) | Container.Content(movies) | Container.Content(tvshows) | Container.Content(seasons) | Container.Content(sets)]">
					<control type="group">
						<animation type="Focus" reversible="false">
							<effect type="zoom" start="95" end="100" time="300" tween="sine" easing="inout" center="auto" />
							<effect type="fade" start="80" end="100" time="300" tween="sine" easing="in" />
						</animation>
						<control type="image">
							<width>420</width>
							<height>360</height>
							<aspectratio>scale</aspectratio>
							<texture background="true">$VAR[PosterThumb]</texture>
							<bordertexture colordiffuse="" border="8">thumbs/thumbnail_focused.png</bordertexture>
							<bordersize>8</bordersize>
						</control>
						<control type="image">
							<left>320</left>
							<width>100</width>
							<height>100</height>
							<texture>$VAR[OverlayVar]</texture>
							<aspectratio align="center" aligny="top">keep</aspectratio>
							<bordersize>8</bordersize>
						</control>
						<control type="image">
							<left>6</left>
							<top>310</top>
							<width>408</width>
							<height>44</height>
							<texture>black.png</texture>
							<bordersize>2</bordersize>
							<colordiffuse>88ffffff</colordiffuse>
						</control>
						<control type="label">
							<top>310</top>
							<width>420</width>
							<height>40</height>
							<align>center</align>
							<textoffsetx>10</textoffsetx>
							<info>ListItem.Label</info>
						</control>
					</control>
				</focusedlayout>
			</control>
			<control type="scrollbar" id="50060">
				<left>1797</left>
				<top>179</top>
				<width>14</width>
				<height>720</height>
				<onleft>50</onleft>
				<onright>SetProperty(MediaMenu,True,Home)</onright>
				<onright>SetFocus(9050)</onright>
				<ondown>50060</ondown>
				<onup>50060</onup>
				<showonepage>false</showonepage>
				<texturesliderbackground />
				<texturesliderbar colordiffuse="80FFFFFF" border="1">scrollbar/texturesliderbar2.png</texturesliderbar>
				<texturesliderbarfocus border="1">scrollbar/texturesliderbar2.png</texturesliderbarfocus>
				<animation effect="fade" start="100" end="0" time="500" delay="500" condition="!Control.HasFocus(50060) + !Container.Scrolling">Conditional</animation>
			</control>
			<control type="group">
				<include content="InfoPopup">
					<param name="StudioLabelID">500</param>
				</include>
				<visible>Skin.HasSetting(Enable.IconsInfoPopup) + Control.HasFocus(500) + !ListItem.IsParentFolder</visible>
			</control>
		</control>
	</include>
	<!-- Music Wall -->
	<include name="MusicIcons">
		<control type="group">
			<visible>Control.IsVisible(500) + !Window.IsActive(addoninformation)</visible>
			<include>ViewAnimation</include>
			<include>IconsBackPanel</include>
			<control type="panel" id="500">
				<left>120</left>
				<top>179</top>
				<width>1680</width>
				<height>720</height>
				<onleft>SetProperty(MediaMenu,True,Home)</onleft>
				<onleft>SetFocus(9050)</onleft>
				<onright>50060</onright>
				<onup>500</onup>
				<ondown>500</ondown>
				<pagecontrol>50060</pagecontrol>
				<scrolltime tween="quadratic" easing="out">300</scrolltime>
				<itemlayout height="240" width="240" condition="!Container.Content(genres)">
					<control type="image">
						<width>240</width>
						<height>240</height>
						<aspectratio>scale</aspectratio>
						<texture colordiffuse="BAFFFFFF" background="true">$INFO[ListItem.Icon]</texture>
						<bordertexture border="2">thumbs/panel_border3.png</bordertexture>
						<bordersize>2</bordersize>
					</control>
					<control type="group">
						<visible>Container.Content(artists)</visible>
						<control type="image">
							<top>190</top>
							<width>240</width>
							<height>50</height>
							<texture>black.png</texture>
							<bordersize>2</bordersize>
							<colordiffuse>88ffffff</colordiffuse>
						</control>
						<control type="label">
							<top>200</top>
							<width>240</width>
							<height>30</height>
							<align>center</align>
							<textoffsetx>4</textoffsetx>
							<textcolor>grey</textcolor>
							<info>ListItem.Label</info>
						</control>
					</control>
				</itemlayout>
				<focusedlayout height="240" width="240" condition="!Container.Content(genres)">
					<control type="group">
						<animation type="Focus" reversible="false">
							<effect type="zoom" start="95" end="100" time="300" tween="sine" easing="inout" center="auto" />
							<effect type="fade" start="80" end="100" time="300" tween="sine" easing="in" />
						</animation>
						<control type="image">
							<width>240</width>
							<height>240</height>
							<aspectratio>scale</aspectratio>
							<texture background="true">$INFO[ListItem.Icon]</texture>
							<bordertexture colordiffuse="" border="8">thumbs/thumbnail_focused.png</bordertexture>
							<bordersize>8</bordersize>
						</control>
					</control>
				</focusedlayout>
				<itemlayout height="240" width="240" condition="Container.Content(genres)">
					<control type="image">
						<width>240</width>
						<height>240</height>
						<aspectratio>scale</aspectratio>
						<texture colordiffuse="BAFFFFFF" background="true" fallback="special://skin/extras/musicgenres/Default.jpg">$INFO[ListItem.Label,special://skin/extras/musicgenres/,.jpg]</texture>
						<bordertexture border="2">thumbs/panel_border3.png</bordertexture>
						<bordersize>2</bordersize>
					</control>
				</itemlayout>
				<focusedlayout height="240" width="240" condition="Container.Content(genres)">
					<control type="image">
						<width>240</width>
						<height>240</height>
						<aspectratio>scale</aspectratio>
						<texture background="true" fallback="special://skin/extras/musicgenres/Default.jpg">$INFO[ListItem.Label,special://skin/extras/musicgenres/,.jpg]</texture>
						<bordertexture colordiffuse="" border="8">thumbs/thumbnail_focused.png</bordertexture>
						<bordersize>8</bordersize>
						<animation type="Focus" reversible="false">
							<effect type="zoom" start="95" end="100" time="300" tween="sine" easing="inout" center="auto" />
							<effect type="fade" start="80" end="100" time="300" tween="sine" easing="in" />
						</animation>
					</control>
				</focusedlayout>
			</control>
			<control type="scrollbar" id="50060">
				<left>1801</left>
				<top>179</top>
				<width>8</width>
				<height>720</height>
				<onleft>50</onleft>
				<onright>SetProperty(MediaMenu,True,Home)</onright>
				<onright>SetFocus(9050)</onright>
				<ondown>50060</ondown>
				<onup>50060</onup>
				<showonepage>false</showonepage>
				<texturesliderbackground />
				<texturesliderbar colordiffuse="80FFFFFF" border="1">scrollbar/texturesliderbar2.png</texturesliderbar>
				<texturesliderbarfocus border="1">scrollbar/texturesliderbar2.png</texturesliderbarfocus>
				<animation effect="fade" start="100" end="0" time="500" delay="500" condition="!Control.HasFocus(50060) + !Container.Scrolling">Conditional</animation>
			</control>
		</control>
	</include>
	<!-- Addon Wall -->
	<include name="AddonIcons">
		<control type="group">
			<visible>Control.IsVisible(500) + !Window.IsActive(addoninformation)</visible>
			<include>ViewAnimation</include>
			<include>IconsBackPanel</include>
			<control type="panel" id="500">
				<left>120</left>
				<top>179</top>
				<width>1680</width>
				<height>720</height>
				<onleft>SetProperty(MediaMenu,True,Home)</onleft>
				<onleft>SetFocus(9050)</onleft>
				<onright>50060</onright>
				<onup>500</onup>
				<ondown>500</ondown>
				<pagecontrol>50060</pagecontrol>
				<scrolltime tween="quadratic" easing="out">300</scrolltime>
				<itemlayout height="240" width="240">
					<control type="image">
						<width>240</width>
						<height>240</height>
						<aspectratio>scale</aspectratio>
						<texture colordiffuse="BAFFFFFF" background="true">$INFO[ListItem.Icon]</texture>
						<bordertexture border="2">thumbs/panel_border3.png</bordertexture>
						<bordersize>2</bordersize>
					</control>
					<control type="image">
						<left>140</left>
						<width>100</width>
						<height>100</height>
						<texture>overlays/addons/enabled.png</texture>
						<aspectratio align="center" aligny="top">keep</aspectratio>
						<visible>ListItem.Property(Addon.IsInstalled)</visible>
						<bordersize>2</bordersize>
					</control>
				</itemlayout>
				<focusedlayout height="240" width="240">
					<control type="image">
						<width>240</width>
						<height>240</height>
						<aspectratio>scale</aspectratio>
						<texture background="true">$INFO[ListItem.Icon]</texture>
						<bordertexture colordiffuse="" border="8">thumbs/thumbnail_focused.png</bordertexture>
						<bordersize>8</bordersize>
						<animation type="Focus" reversible="false">
							<effect type="zoom" start="95" end="100" time="300" tween="sine" easing="inout" center="auto" />
							<effect type="fade" start="80" end="100" time="300" tween="sine" easing="in" />
						</animation>
					</control>
					<control type="image">
						<left>140</left>
						<width>100</width>
						<height>100</height>
						<texture>overlays/addons/enabled.png</texture>
						<aspectratio align="center" aligny="top">keep</aspectratio>
						<visible>ListItem.Property(Addon.IsInstalled)</visible>
						<bordersize>8</bordersize>
						<animation type="Focus" reversible="false">
							<effect type="zoom" start="95" end="100" time="300" tween="sine" easing="inout" center="auto" />
							<effect type="fade" start="80" end="100" time="300" tween="sine" easing="in" />
						</animation>
					</control>
				</focusedlayout>
			</control>
			<control type="scrollbar" id="50060">
				<left>1801</left>
				<top>179</top>
				<width>8</width>
				<height>720</height>
				<onleft>50</onleft>
				<onright>SetProperty(MediaMenu,True,Home)</onright>
				<onright>SetFocus(9050)</onright>
				<ondown>50060</ondown>
				<onup>50060</onup>
				<showonepage>false</showonepage>
				<texturesliderbackground />
				<texturesliderbar colordiffuse="80FFFFFF" border="1">scrollbar/texturesliderbar2.png</texturesliderbar>
				<texturesliderbarfocus border="1">scrollbar/texturesliderbar2.png</texturesliderbarfocus>
				<animation effect="fade" start="100" end="0" time="500" delay="500" condition="!Control.HasFocus(50060) + !Container.Scrolling">Conditional</animation>
			</control>
		</control>
	</include>
	<!-- Picture Wall -->
	<include name="PictureIcons">
		<control type="group">
			<visible>Control.IsVisible(500) + !Window.IsActive(addoninformation)</visible>
			<include>ViewAnimation</include>
			<top>-85</top>
			<control type="image">
				<left>90</left>
				<top>1080</top>
				<width>1740</width>
				<height>964</height>
				<texture border="40">panel_reflect.png</texture>
			</control>
			<control type="image">
				<left>90</left>
				<top>148</top>
				<width>1740</width>
				<height>964</height>
				<texture border="40">listpanel_back.png</texture>
			</control>
			<control type="panel" id="500">
				<left>120</left>
				<top>179</top>
				<width>1680</width>
				<height>900</height>
				<onleft>SetProperty(MediaMenu,True,Home)</onleft>
				<onleft>SetFocus(9050)</onleft>
				<onright>50060</onright>
				<onup>500</onup>
				<ondown>500</ondown>
				<pagecontrol>50060</pagecontrol>
				<preloaditems>2</preloaditems>
				<visible>!Container.Content(addons)</visible>
				<scrolltime tween="quadratic" easing="out">300</scrolltime>
				<itemlayout height="300" width="560">
					<control type="image">
						<width>560</width>
						<height>300</height>
						<aspectratio>scale</aspectratio>
						<texture colordiffuse="BAFFFFFF" background="true">$INFO[ListItem.Icon]</texture>
						<bordertexture border="2">thumbs/panel_border3.png</bordertexture>
						<bordersize>2</bordersize>
					</control>
					<control type="image">
						<top>250</top>
						<width>560</width>
						<height>50</height>
						<texture>black.png</texture>
						<bordersize>2</bordersize>
						<colordiffuse>88ffffff</colordiffuse>
					</control>
					<control type="label">
						<top>260</top>
						<width>560</width>
						<height>30</height>
						<textoffsetx>15</textoffsetx>
						<textcolor>grey2</textcolor>
						<info>ListItem.Label</info>
					</control>
					<control type="label">
						<top>260</top>
						<width>560</width>
						<height>30</height>
						<align>right</align>
						<textoffsetx>15</textoffsetx>
						<textcolor>grey2</textcolor>
						<info>ListItem.Label2</info>
					</control>
				</itemlayout>
				<focusedlayout height="300" width="560">
					<control type="image">
						<width>560</width>
						<height>300</height>
						<aspectratio>scale</aspectratio>
						<texture background="true">$INFO[ListItem.Icon]</texture>
						<bordertexture colordiffuse="" border="8">thumbs/thumbnail_focused.png</bordertexture>
						<bordersize>8</bordersize>
						<animation type="Focus" reversible="false">
							<effect type="zoom" start="95" end="100" time="300" tween="sine" easing="inout" center="auto" />
							<effect type="fade" start="80" end="100" time="300" tween="sine" easing="in" />
						</animation>
					</control>
					<control type="group">
						<animation type="Focus" reversible="false">
							<effect type="zoom" start="96" end="98" time="300" tween="sine" easing="inout" center="auto" />
							<effect type="fade" start="80" end="100" time="300" tween="sine" easing="in" />
						</animation>
						<control type="image">
							<top>250</top>
							<width>560</width>
							<height>50</height>
							<texture>black.png</texture>
							<bordersize>2</bordersize>
							<colordiffuse>88ffffff</colordiffuse>
						</control>
						<control type="label">
							<top>260</top>
							<width>560</width>
							<height>30</height>
							<textoffsetx>15</textoffsetx>
							<textcolor>grey2</textcolor>
							<info>ListItem.Label</info>
						</control>
						<control type="label">
							<top>260</top>
							<width>560</width>
							<height>30</height>
							<align>right</align>
							<textoffsetx>15</textoffsetx>
							<textcolor>grey2</textcolor>
							<info>ListItem.Label2</info>
						</control>
					</control>
				</focusedlayout>
			</control>
			<control type="scrollbar" id="50060">
				<left>1797</left>
				<top>179</top>
				<width>14</width>
				<height>900</height>
				<onleft>50</onleft>
				<onright>SetProperty(MediaMenu,True,Home)</onright>
				<onright>SetFocus(9050)</onright>
				<ondown>50060</ondown>
				<onup>50060</onup>
				<showonepage>false</showonepage>
				<texturesliderbackground />
				<texturesliderbar colordiffuse="80FFFFFF" border="1">scrollbar/texturesliderbar2.png</texturesliderbar>
				<texturesliderbarfocus border="1">scrollbar/texturesliderbar2.png</texturesliderbarfocus>
				<animation effect="fade" start="100" end="0" time="500" delay="500" condition="!Control.HasFocus(50060) + !Container.Scrolling">Conditional</animation>
			</control>
		</control>
	</include>
</includes>