<?xml version="1.0" encoding="UTF-8"?>
<includes>
	<!-- Logo -->
	<include name="LandscapeLogoLayout">
		<control type="group">
			<left>52</left>
			<top>178</top>
			<control type="group">
				<visible>!Skin.HasSetting(Enable.Logo.clearart) | [Skin.HasSetting(Enable.Logo.clearart) + String.IsEmpty(ListItem.Art(clearart))]</visible>
				<control type="image">
					<width>390</width>
					<height>164</height>
					<aspectratio aligny="bottom">keep</aspectratio>
					<texture background="true">$VAR[ArtworkLogoVar]</texture>
				</control>
				<control type="image">
					<top>167</top>
					<width>390</width>
					<height>164</height>
					<aspectratio aligny="top">keep</aspectratio>
					<texture background="true" flipy="true">$VAR[ArtworkLogoVar]</texture>
					<animation effect="fade" start="15" end="15" time="160" tween="cubic" easing="inout" condition="true">Conditional</animation>
				</control>
			</control>
			<control type="group">
				<visible>Skin.HasSetting(Enable.Logo.clearart)</visible>
				<top>-164</top>
				<control type="image">
					<width>390</width>
					<height>328</height>
					<aspectratio aligny="bottom">keep</aspectratio>
					<texture background="true">$INFO[ListItem.Art(clearart)]</texture>
				</control>
				<control type="image">
					<top>345</top>
					<width>390</width>
					<height>328</height>
					<aspectratio aligny="top">keep</aspectratio>
					<texture background="true" flipy="true">$INFO[ListItem.Art(clearart)]</texture>
					<animation effect="fade" start="15" end="15" time="160" tween="cubic" easing="inout" condition="true">Conditional</animation>
				</control>
			</control>
		</control>
		<control type="group">
			<visible>String.IsEmpty(ListItem.Art(clearlogo))</visible>
			<control type="label">
				<top>250</top>
				<width>470</width>
				<height>30</height>
				<align>center</align>
				<font>font14</font>
				<scroll>true</scroll>
				<scrollspeed>80</scrollspeed>
				<label>[B]$VAR[FloorLabelVar][/B]</label>
			</control>
		</control>
		<control type="group">
			<left>20</left>
			<top>300</top>
			<include condition="Skin.HasSetting(Disable.UnwatchedIcon)">UnwatchedIcon</include>
		</control>
	</include>
	<include name="LogoFixed">
		<control type="fixedlist" id="59">
			<include>contents59list</include>
		</control>
	</include>
	<include name="LogoWrap">
		<control type="wraplist" id="59">
			<include>contents59list</include>
		</control>
	</include>
	<include name="contents59list">
		<left>-277</left>
		<top>565</top>
		<width>2475</width>
		<height>525</height>
		<onleft>59</onleft>
		<onright>59</onright>
		<onup condition="!ListItem.IsParentFolder">4401</onup>
		<onup condition="ListItem.IsParentFolder">SetProperty(MediaMenu,True,Home)</onup>
		<onup condition="ListItem.IsParentFolder">SetFocus(9050)</onup>
		<ondown condition="Control.IsVisible(59060)">59060</ondown>
		<ondown condition="!Control.IsVisible(59060)">4400</ondown>
		<pagecontrol>59060</pagecontrol>
		<preloaditems>2</preloaditems>
		<focusposition>2</focusposition>
		<viewtype label="$LOCALIZE[31606]">list</viewtype>
		<scrolltime tween="quadratic" easing="out">300</scrolltime>
		<visible>Container.Content(tvshows) | Container.Content(movies) | Container.Content(artists)</visible>
		<orientation>horizontal</orientation>
		<itemlayout width="495" height="450">
			<control type="group">
				<animation effect="fade" start="100" end="0" time="600" condition="!Skin.HasSetting(Logo.SingleLayout) + Skin.HasSetting(Enable.Logo.UnfocusFade) + System.IdleTime(5)">Conditional</animation>
				<animation effect="fade" start="100" end="0" condition="Skin.HasSetting(Logo.SingleLayout)">Conditional</animation>
				<include>LandscapeLogoLayout</include>
			</control>
		</itemlayout>
		<focusedlayout width="495" height="450">
			<control type="group">
				<animation effect="zoom" center="auto" start="100" end="122" time="480" tween="back" reversible="false">Focus</animation>
				<animation effect="zoom" center="auto" start="122" end="100" time="160" tween="back" reversible="false">UnFocus</animation>
				<include>LandscapeLogoLayout</include>
			</control>
		</focusedlayout>
	</include>
	<include name="View_59_Logo">
		<control type="group">
			<visible>Control.IsVisible(59) + !Window.IsActive(addoninformation)</visible>
			<include>ViewAnimation</include>
			<animation effect="slide" end="0,80" time="320" tween="cubic" easing="inout" condition="[Container.Content(movies) + Skin.HasSetting(noextendedinfomovies)] | [Container.Content(tvshows) + Skin.HasSetting(noextendedinfotvshows)]">Conditional</animation>
			<include condition="Skin.HasSetting(HorizontalListNav)">LogoFixed</include>
			<include condition="!Skin.HasSetting(HorizontalListNav)">LogoWrap</include>
			<control type="scrollbar" id="59060">
				<animation effect="slide" end="0,50" condition="[Container.Content(movies) + Skin.HasSetting(noextendedinfomovies)] | [Container.Content(tvshows) + Skin.HasSetting(noextendedinfotvshows)]">Conditional</animation>
				<left>210</left>
				<top>935</top>
				<width>1530</width>
				<height>5</height>
				<onup>59</onup>
				<ondown condition="Integer.IsGreaterOrEqual(Container(59).NumPages,10) + [String.IsEqual(Container.SortMethod,$LOCALIZE[551]) | String.IsEqual(Container.SortMethod,$LOCALIZE[556])]">615</ondown>
				<ondown condition="![Integer.IsGreaterOrEqual(Container(59).NumPages,10) + [String.IsEqual(Container.SortMethod,$LOCALIZE[551]) | String.IsEqual(Container.SortMethod,$LOCALIZE[556])]]">4400</ondown>
				<texturesliderbackground />
				<texturesliderbar>listselect_fo.png</texturesliderbar>
				<texturesliderbarfocus>listselect_fo.png</texturesliderbarfocus>
				<textureslidernib />
				<textureslidernibfocus />
				<showonepage>false</showonepage>
				<orientation>horizontal</orientation>
				<animation effect="fade" start="100" end="0" time="500" delay="500" condition="!Control.HasFocus(59060) + !Container.Scrolling">Conditional</animation>
				<animation effect="zoom" start="100,100" end="100,200" center="auto" tween="sine" easing="inout" time="500" pulse="true" condition="Control.HasFocus(59060)">Conditional</animation>
			</control>
			<control type="group">
				<top>880</top>
				<control type="group">
					<visible>[Container.Content(movies) + !Skin.HasSetting(noextendedinfomovies)]</visible>
					<include>VisibleFadeAnimation</include>
					<left>560</left>
					<control type="label">
						<width>800</width>
						<align>center</align>
						<label>$INFO[ListItem.Top250,$LOCALIZE[13409] # ,]</label>
						<visible>!String.IsEmpty(ListItem.Top250)</visible>
					</control>
					<control type="label">
						<top>75</top>
						<width>800</width>
						<label>$INFO[ListItem.Tagline]</label>
						<align>center</align>
						<font>font14_bold</font>
						<scroll>true</scroll>
						<visible>!String.IsEmpty(ListItem.Tagline)</visible>
					</control>
					<control type="label">
						<top>150</top>
						<width>800</width>
						<align>center</align>
						<label>$VAR[FloorSubLabelVar]</label>
						<font>font13_bold</font>
						<visible>!ListItem.IsCollection + [Container.Content(movies) + !ListItem.IsParentFolder]</visible>
					</control>
				</control>
				<control type="textbox">
					<label>[B]$INFO[Window(Home).Property(Set.Movies.Title)][/B]</label>
					<align>center</align>
					<left>160</left>
					<top>100</top>
					<width>1600</width>
					<height>130</height>
					<font>font14_textbox2</font>
					<autoscroll time="2500" delay="2500" repeat="3000">true</autoscroll>
					<visible>ListItem.IsCollection + Skin.HasSetting(Enable.Logo.MovieSetList)</visible>
				</control>
				<control type="group">
					<visible>[Container.Content(tvshows) + !Skin.HasSetting(noextendedinfotvshows)]</visible>
					<include>VisibleFadeAnimation</include>
					<control type="label">
						<left>350</left>
						<width>1220</width>
						<align>center</align>
						<label>$LOCALIZE[31010]: $INFO[Window(Home).Property(NextAired.NextNumber)] - $INFO[Window(Home).Property(NextAired.NextTitle)] ($INFO[Window(Home).Property(NextAired.NextDay)])</label>
						<visible>!String.IsEmpty(Window(Home).Property(NextAired.NextDate))</visible>
					</control>
					<control type="label">
						<left>350</left>
						<width>1220</width>
						<align>center</align>
						<label>$INFO[Window(Home).Property(NextAired.Status)]</label>
						<visible>String.IsEmpty(Window(Home).Property(NextAired.NextDate)) + !String.IsEmpty(Window(Home).Property(NextAired.Status))</visible>
					</control>
					<control type="label">
						<left>400</left>
						<top>75</top>
						<width>1120</width>
						<align>center</align>
						<label>$LOCALIZE[20360]: $INFO[ListItem.Property(TotalEpisodes)][COLOR $VAR[UnWatchedEpColor]]$INFO[ListItem.Property(UnWatchedEpisodes),  ($LOCALIZE[16101]: ,)][/COLOR]</label>
						<font>font14_bold</font>
						<visible>Container.Content(tvshows) + !ListItem.IsParentFolder</visible>
					</control>
					<control type="label">
						<left>460</left>
						<top>150</top>
						<width>1000</width>
						<align>center</align>
						<label>$INFO[ListItem.RatingAndVotes]</label>
						<font>font13_bold</font>
						<visible>Container.Content(tvshows) + !String.IsEmpty(ListItem.RatingAndVotes)</visible>
					</control>
				</control>
			</control>
		</control>
	</include>
</includes>