{
  "active": true,
  "adult": false,
  "categories": [
    "movie"
  ],
  "changes": [
     {
      "date": "26/08/2018",
      "description": "Reparar enlaces"
    },
    {
      "date": "10/03/2018",
      "description": "Reparar enlaces"
    },
    {
      "date": "31/01/2018",
      "description": "Reparar regex"
    },
    {
      "date": "31/08/2017",
      "description": "Primera versi\u00f3n"
    }
  ],
  "id": "cinecalidad",
  "min_version": {
    "main": null,
    "python": null
  },
  "name": "CineCalidad",
  "search": {
    "movie": {
      "action": "search",
      "content_type": "movies"
    }
  },
  "newest": {
    "movie": {
      "action": "movies",
      "url": "http://www.cinecalidad.to/espana/",
      "content_type": "movies"
    }
  },
  "settings": [],
  "version": 4
}