<?xml version="1.0" encoding="UTF-8" standalone="yes"?>
  
    
<channels>

<channel>
      <name>[COLOR lime]Mongolia[/COLOR]</name>
  <thumbnail>direccion de la portada</thumbnail>
<fanart>direccion del logo</fanart>
<link>http://ignoreme</link>
   <externallink>direccion del m3u/externallink>
</channel>
  </channels>

  
<channels>

<channel>
      <name>[COLOR lime]Mongolia[/COLOR]</name>
  <thumbnail>direccion de la portada</thumbnail>
<fanart>direccion del logo</fanart>
<link>http://ignoreme</link>
   <externallink>direccion del m3u/externallink>
</channel>
  </channels>
  
  
  
  <channels>

<channel>
      <name>[COLOR lime]Mongolia[/COLOR]</name>
  <thumbnail>direccion de la portada</thumbnail>
<fanart>direccion del logo</fanart>
<link>http://ignoreme</link>
   <externallink>direccion del m3u/externallink>
</channel>
  </channels>
  
  
  
  <channels>

<channel>
      <name>[COLOR lime]Mongolia[/COLOR]</name>
  <thumbnail>direccion de la portada</thumbnail>
<fanart>direccion del logo</fanart>
<link>http://ignoreme</link>
   <externallink>direccion del m3u/externallink>
</channel>
  </channels>

  
  