{
  "active": true,
  "name": "Pelis123",
  "adult": false,
  "categories": [
    "movie",
    "tvshow"
  ],
  "changes": [
    {
      "date": "22/04/2019",
      "description": "Canal desactivado temporalmente"
    },
    {
      "date": "30/03/2019",
      "description": "Canal corregido por cambios en la web"
    },
    {
      "date": "28/03/2019",
      "description": "Canal re-activado"
    },
    {
      "date": "23/03/2019",
      "description": "Canal desactivado temporalmente"
    },
    {
      "date": "26/01/2019",
      "description": "Canal corregido por cambios en la web"
    },
    {
      "date": "14/01/2019",
      "description": "Canal desactivado temporalmente"
    },
    {
      "date": "26/08/2018",
      "description": "Primera versión"
    }
  ],
  "id": "pelis123",
  "min_version": {
    "main": "1.0.5",
    "python": "2.7.9"
  },
  "newest": {
    "movie": {
      "action": "content",
      "content_type": "movies"
    },
    "episode": {
      "action": "content",
      "content_type": "episodes"
    },
    "tvshow": {
      "action": "content",
      "content_type": "tvshows",
      "url": "https://pelis123.tv/series.html"
    }
  },
  "search": {
    "movie":{
      "action": "search",
      "content_type": "movies"
    },
    "tvshow":{
      "action": "search",
      "content_type": "tvshows"
    },
    "movie_gender": {
        "action_gender": "content",
        "content_type": "movies",
        "url": {
          "action": "https://pelis123.tv/genre/accion.html",
          "adventure": "https://pelis123.tv/genre/aventuras.html",
          "animation": "https://pelis123.tv/genre/animacion.html",
          "comedy": "https://pelis123.tv/genre/comedia.html",
          "drama": "https://pelis123.tv/genre/drama.html",
          "fantasia": "https://pelis123.tv/genre/fantasia.html",
          "intrigue": "https://pelis123.tv/genre/misterio.html",
          "musical": "https://pelis123.tv/genre/musical.html",
          "romantic": "https://pelis123.tv/genre/romance.html",
          "science-fiction": "https://pelis123.tv/genre/ciencia-ficcion.html",
          "terror": "https://pelis123.tv/genre/horror.html",
          "war": "https://pelis123.tv/genre/guerra.html"
        }
    }
  },
  "settings": [],
  "version": 8
}