{
  "active": true,
  "adult": true,
  "categories": ["adult"],
  "changes": [
    {
      "date": "28/03/2019",
      "description": "Cambios en la web"
    },
    {
      "date": "06/09/2018",
      "description": "Cambios en la web"
    },
    {
      "date": "28/02/2018",
      "description": "Reparar obtención de enlaces"
    },
    {
      "date": "27/11/2017",
      "description": "Primera versión"
    }
  ],
  "id": "pornhub",
  "min_version": {
    "main": null,
    "python": null
  },
  "name": "PornHub",
  "search": {
    "adult": {
      "action": "search",
      "content": "videos"
    }
  },
  "settings": [],
  "version": 4
}