﻿<?xml version="1.1" encoding="UTF-8" standalone="yes"?>
<addon id="repository.milhano" name="milhano.Repositório" version="1.3" provider-name="milhano.repo">
	<extension point="xbmc.addon.repository" name="milhano Repository">
		<info compressed="false">http://raw.github.com/Milhano/repository.milhano/master/addons.xml</info>
		<checksum>http://raw.github.com/Milhano/repository.milhano/master/addons.xml.md5</checksum>
		<datadir zip="true">http://raw.github.com/Milhano/repository.milhano/master/repo/</datadir>
	</extension>
	<extension point="xbmc.addon.metadata">
		<summary>milhano Repositório</summary>
		<description>repo Team Milhano</description>
		<disclaimer></disclaimer>
		<platform>all</platform>
	</extension>
</addon>
