<?xml version='1.0' encoding='UTF-8'?>
<shortcuts>
	<shortcut>
		<defaultID>1037</defaultID>
		<label>ADDONS DE VIDEO</label>
		<label2>Vídeos</label2>
		<icon>special://skin/extras/icons/video-addons.png</icon>
		<thumb />
		<action>ActivateWindow(Videos,Addons,return)</action>
	</shortcut>
	<shortcut>
		<defaultID>programs</defaultID>
		<label>ADDONS DE PROGRAMA</label>
		<label2>Programas</label2>
		<icon>special://skin/extras/icons/addons.png</icon>
		<thumb>special://skin/extras/icons/configure.png</thumb>
		<action>ActivateWindow(Programs,Addons,return)</action>
	</shortcut>
	<shortcut>
		<defaultID>temasjan</defaultID>
		<label>WIZARD</label>
		<label2>Ítem Personalizado</label2>
		<icon>DefaultShortcut.png</icon>
		<thumb>special://skin/extras/icons/wwe-network.png</thumb>
		<action>ActivateWindow(Programs,"plugin://plugin.program.jansolo",return)</action>
	</shortcut>
	<shortcut>
		<defaultID />
		<label>MANTENIMIENTO</label>
		<label2>Ítem Personalizado</label2>
		<icon>DefaultShortcut.png</icon>
		<thumb>image://https%3a%2f%2fstva.zriel.ga%2fwizard%2fimagenes%2fmantenimiento.png/</thumb>
		<action>ActivateWindow(Programs,"plugin://plugin.program.temasjan/?mode=maint",return)</action>
	</shortcut>
	<shortcut>
		<defaultID />
		<label>BUFFER</label>
		<label2>Ítem Personalizado</label2>
		<icon>DefaultShortcut.png</icon>
		<thumb>image://https%3a%2f%2fstva.zriel.ga%2fwizard%2fimagenes%2fmantenimiento.png/</thumb>
		<action>ActivateWindow(Programs,"plugin://plugin.program.temasjan/?mode=advancedsetting",return)</action>
	</shortcut>
	<shortcut>
		<defaultID />
		<label>TEST DE VELOCIDAD</label>
		<label2>Ítem Personalizado</label2>
		<icon>DefaultShortcut.png</icon>
		<thumb>image://https%3a%2f%2fstva.zriel.ga%2fwizard%2fimagenes%2fapk.png/</thumb>
		<action>ActivateWindow(Programs,"plugin://plugin.program.temasjan/?mode=speedtestM",return)</action>
	</shortcut>
	<shortcut>
		<defaultID>7</defaultID>
		<label>GESTOR DE ARCHIVOS</label>
		<label2>Ítem de menú Común</label2>
		<icon>DefaultFolder.png</icon>
		<thumb>special://skin/extras/icons/filebox.png</thumb>
		<action>ActivateWindow(FileManager)</action>
	</shortcut>
</shortcuts>
