<?xml version='1.0' encoding='UTF-8'?>
<shortcuts>
	<shortcut>
		<defaultID>31123</defaultID>
		<label>PELICULAS</label>
		<label2>Hub 04</label2>
		<icon>special://skin/extras/icons/movie.png</icon>
		<thumb>special://skin/extras/icons/moviesiconconverted.png</thumb>
		<action>ActivateWindow(1104)</action>
	</shortcut>
	<shortcut>
		<defaultID />
		<label>SERIES</label>
		<label2>Ítem Personalizado</label2>
		<icon>special://skin/extras/icons/tv.png</icon>
		<thumb>special://skin/extras/icons/tvseries.png</thumb>
		<action>ActivateWindow(1105)</action>
	</shortcut>
	<shortcut>
		<defaultID />
		<label>DEPORTES</label>
		<label2>Ítem Personalizado</label2>
		<icon>DefaultShortcut.png</icon>
		<thumb>special://skin/extras/icons/Sports.png</thumb>
		<action>ActivateWindow(1106)</action>
	</shortcut>
	<shortcut>
		<defaultID />
		<label>DOCUMENTAL</label>
		<label2>Ítem Personalizado</label2>
		<icon>DefaultShortcut.png</icon>
		<thumb>special://skin/extras/icons/youtube1.png</thumb>
		<action>ActivateWindow(1107)</action>
	</shortcut>
	<shortcut>
		<defaultID>programs</defaultID>
		<label>TODOENUNO</label>
		<label2>Ítem Personalizado</label2>
		<icon>special://skin/extras/icons/DefaultProgram.png</icon>
		<thumb>special://skin/extras/icons/extras.png</thumb>
		<action>ActivateWindow(1119)</action>
	</shortcut>
	<shortcut>
		<defaultID />
		<label>PEKES~ANIME</label>
		<label2>Ítem Personalizado</label2>
		<icon>DefaultShortcut.png</icon>
		<thumb>special://skin/extras/icons/disney.gif</thumb>
		<action>ActivateWindow(1108)</action>
	</shortcut>
	<shortcut>
		<defaultID />
		<label>MUSICA</label>
		<label2>Ítem Personalizado</label2>
		<icon>DefaultShortcut.png</icon>
		<thumb>special://skin/extras/icons/music2_converted.png</thumb>
		<action>ActivateWindow(1109)</action>
	</shortcut>
	<shortcut>
		<defaultID />
		<label>TELEVISION</label>
		<label2>Ítem Personalizado</label2>
		<icon>DefaultShortcut.png</icon>
		<thumb>special://skin/extras/icons/networks1.png</thumb>
		<action>ActivateWindow(1112)</action>
	</shortcut>
	<shortcut>
		<defaultID>settings</defaultID>
		<label>10004</label>
		<label2>Ajustes</label2>
		<icon>special://skin/extras/icons/settings.png</icon>
		<thumb />
		<action>ActivateWindow(Settings)</action>
	</shortcut>
	<shortcut>
		<defaultID>13005</defaultID>
		<label>13005</label>
		<label2>Ítem Personalizado</label2>
		<icon>special://skin/extras/icons/power.png</icon>
		<thumb />
		<action>ActivateWindow(shutdownmenu)</action>
	</shortcut>
</shortcuts>
