<?xml version="1.0" encoding="UTF-8" standalone="yes"?>
<addon id="plugin.video.cocina"
	name="Cocina"
	version="1.2"
	provider-name="ibernet">
  <requires>
    <import addon="xbmc.python" version="2.14.0"/>
    <import addon="script.module.addon.common" version="2.0.0"/>
    <import addon="plugin.video.youtube" version="5.0.0"/>
  </requires>
  <extension point="xbmc.python.pluginsource" library="default.py">
    <provides>video</provides>
  </extension>
  <extension point="xbmc.addon.metadata">
    <summary lang="es">Canales Youtube de cocina</summary>
    <description lang="es">Canales dedicados a la cocina.</description>
    <platform>all</platform>
        <assets>
        <icon>icon.png</icon>
        <fanart>fanart.jpg</fanart>
		</assets>
       </extension>
</addon>
