{
    "settings": {
        "bt_buffer": "50", 
        "bt_download_path": "C:\\Users\\JohnTitor\\Desktop\\Lk100\\portable_data\\userdata\\addon_data\\plugin.video.alfa\\downloads", 
        "libtorrent_error": "DLL load failed: %1 no es una aplicaci�n Win32 v�lida.", 
        "libtorrent_path": "", 
        "mct_background_download": true, 
        "mct_buffer": "50", 
        "mct_download_path": "C:\\Users\\JohnTitor\\Desktop\\Lk100\\portable_data\\userdata\\addon_data\\plugin.video.alfa\\downloads", 
        "mct_rar_unpack": true, 
        "torrent_client": 4
    }
}