<?xml version='1.0' encoding='UTF-8'?>
<shortcuts>
	<shortcut>
		<defaultID>1037</defaultID>
		<label>ADDONS DE VIDEO</label>
		<label2>Vídeos</label2>
		<icon>special://skin/extras/icons/video-addons.png</icon>
		<thumb />
		<action>addons://sources/video/</action>
	</shortcut>
	<shortcut>
		<defaultID>programs</defaultID>
		<label>ADDONS DE PROGRAMA</label>
		<label2>Programas</label2>
		<icon>special://skin/extras/icons/addons.png</icon>
		<thumb />
		<action>addons://sources/executable/</action>
	</shortcut>
</shortcuts>
