<?xml version='1.0' encoding='UTF-8'?>
<shortcuts>
	<shortcut>
		<defaultID />
		<label>[COLOR orangered][B][COLOR white][/COLOR][/B][/COLOR] [COLOR white][B]Herramientas de Limpieza[/B][/COLOR]</label>
		<label2>Programa</label2>
		<icon>DefaultShortcut.png</icon>
		<thumb>image://https%3a%2f%2fnetai.eu%2fwizard%2fimagenes%2fMantenimiento.png/</thumb>
		<action>ActivateWindow(Programs,"plugin://plugin.program.Netai/?mode=maint&amp;name=clean",return)</action>
	</shortcut>
	<shortcut>
		<defaultID />
		<label>[COLOR orangered][B][COLOR white][/COLOR][/B][/COLOR] [COLOR white]Bases y Parches[/COLOR]</label>
		<label2>Programa</label2>
		<icon>DefaultShortcut.png</icon>
		<thumb>image://https%3a%2f%2fnetai.eu%2fwizard%2fimagenes%2ficon.png/</thumb>
		<action>ActivateWindow(Programs,"plugin://plugin.program.Netai/?mode=builds",return)</action>
	</shortcut>
	<shortcut>
		<defaultID />
		<label>[COLOR orangered][B][COLOR white][/COLOR][/B][/COLOR] [COLOR white]Copia de seguridad[/COLOR]</label>
		<label2>Programa</label2>
		<icon>DefaultShortcut.png</icon>
		<thumb>image://C%3a%5cUsers%5cMoises%20Perez%5cAppData%5cRoaming%5cKodi%5caddons%5cplugin.program.Netai%5cicon.png/</thumb>
		<action>ActivateWindow(Programs,"plugin://plugin.program.Netai/?mode=maint&amp;name=backup",return)</action>
	</shortcut>
</shortcuts>
