<?xml version='1.0' encoding='UTF-8'?>
<shortcuts>
	<shortcut>
		<defaultID />
		<label>AGENDAS SIN ACESTREAM</label>
		<label2>Complemento de Vídeo</label2>
		<icon>DefaultShortcut.png</icon>
		<thumb>special://skin/extras/icons/soccer.png</thumb>
		<action>ActivateWindow(Videos,"plugin://plugin.video.cristalazul/?url=https%3A%2F%2Fpastebin.com%2Fraw%2Fu8DStpHH&amp;mode=1&amp;name=%5BCOLOR+lightgreen%5DAgendas+%5BCOLOR+white%5DSIN+Acestream+TODAS%5B%2FCOLOR%5D&amp;fanart=https%3A%2F%2Fugc.kn3.net%2Fi%2Forigin%2Fhttp%3A%2F%2F3.bp.blogspot.com%2F-7Sq_1Ap72R0%2FTcnvEtT2eyI%2FAAAAAAAAA_Y%2FHWSWReXQsmI%2Fs1600%2Fcamp-nou.jpg",return)</action>
	</shortcut>
	<shortcut>
		<defaultID />
		<label>ACESTREAM SPANISH</label>
		<label2>Complemento de Vídeo</label2>
		<icon>DefaultShortcut.png</icon>
		<thumb>special://skin/extras/icons/lastfm.png</thumb>
		<action>ActivateWindow(Videos,"plugin://plugin.video.cristalazul/?url=%24doregex%5Bcomecristal%5D&amp;mode=1&amp;name=%5BCOLOR+lightgreen%5DAcestream_Spanish+%5BCOLOR+white%5DCanales+Acestream%5B%2FCOLOR%5D&amp;fanart=https%3A%2F%2Fugc.kn3.net%2Fi%2Forigin%2Fhttp%3A%2F%2F3.bp.blogspot.com%2F-7Sq_1Ap72R0%2FTcnvEtT2eyI%2FAAAAAAAAA_Y%2FHWSWReXQsmI%2Fs1600%2Fcamp-nou.jpg&amp;regexs=%7Bu%27comecristal%27%3A%20%7B%27expres%27%3A%20u%27%23%24pyFunction%5Cr%5Cndef%20GetLSProData%28page_data%2CCookie_Jar%2Cm%29%3A%5Cr%5Cn%20import%20xbmc%5Cr%5Cn%20import%20xbmcaddon%5Cr%5Cn%20addon%20%3D%20xbmcaddon.Addon%28%5C%27plugin.video.cristalazul%5C%27%29%5Cr%5Cn%20Url%20%3D%20%5C%27link%5B%3A%3A4%5D%20%2B%20url%5B%3A8%5D%20%2B%20Creditos%5B62%3A%5D%20%3D%20http%3A//bit.ly/sourcecristalazul%5C%27%5Cr%5Cn%20grupotelegram%20%3D%20%5C%27http%3A//web.telegram.org/%40addonfesta%5C%27%5Cr%5Cn%20url%20%3D%20%5C%27cristal_azul_fue_creado_por_el_grupo_festa_para_el_disfrute_en%20familia%2C%20este_addon_es_completamente_gratuito%2Cdisfrute_de_la_seccion_de_Acestream_creada_por_Acestream_Spanish%5C%27%5Cr%5Cn%20Creditos%20%3D%20%5C%27Acestream_league_para_todos_gratuita_creada_por_Supertopo_del_grupo_cristal_azul%5C%27%5Cr%5Cn%20info%20%3D%20%5C%27british.true.Build.py%20%257/%5C%27%5Cr%5Cn%20return%20%20grupotelegram%5B%3A7%5D%20%2B%20info%5B%3A%3A4%5D%20%2B%20url%5B%3A7%5D%20%2B%20Creditos%5B%3A10%5D%20%2B%20url%5B156%3A%5D%5Cr%5Cndef%20revist_dag%28page_data%29%3A%5Cr%5Cn%20%20%20%20final_url%20%3D%20%5C%27%5C%27%5Cr%5Cn%20%20%20%20if%20%5C%27127.0.0.1%5C%27%20in%20page_data%3A%5Cr%5Cn%20%20%20%20%20%20%20%20final_url%20%3D%20re_me%28page_data%2C%20%5C%27%26ver_t%3D%28%5B%5E%26%5D%2B%29%26%5C%27%29%20%2B%20%5C%27%20live%3Dtrue%20timeout%3D15%20playpath%3D%5C%27%20%2B%20re_me%28page_data%2C%20%5C%27%5C%5C%5C%5C%3Fy%3D%28%5Ba-zA-Z0-9-_%5C%5C%5C%5C.%40%5D%2B%29%5C%27%29%5Cr%5Cn%5Cr%5Cn%20%20%20%20if%20re_me%28page_data%2C%20%5C%27token%3D%28%5B%5E%26%5D%2B%29%26%5C%27%29%20%21%3D%20%5C%27%5C%27%3A%5Cr%5Cn%20%20%20%20%20%20%20%20final_url%20%3D%20final_url%20%2B%20%5C%27%3Ftoken%3D%5C%27%20%2B%20re_me%28page_data%2C%20%5C%27token%3D%28%5B%5E%26%5D%2B%29%26%5C%27%29%5Cr%5Cn%20%20%20%20elif%20re_me%28page_data%2C%20%5C%27wmsAuthSign%253D%28%5B%5E%25%26%5D%2B%29%5C%27%29%20%21%3D%20%5C%27%5C%27%3A%5Cr%5Cn%20%20%20%20%20%20%20%20final_url%20%3D%20re_me%28page_data%2C%20%5C%27%26ver_t%3D%28%5B%5E%26%5D%2B%29%26%5C%27%29%20%2B%20%5C%27%3FwmsAuthSign%3D%5C%27%20%2B%20re_me%28page_data%2C%20%5C%27wmsAuthSign%253D%28%5B%5E%25%26%5D%2B%29%5C%27%29%20%2B%20%5C%27%3D%3D/mp4%3A%5C%27%20%2B%20re_me%28page_data%2C%20%5C%27%5C%5C%5C%5C%3Fy%3D%28%5B%5E%26%5D%2B%29%26%5C%27%29%5Cr%5Cn%20%20%20%20else%3A%5Cr%5Cn%20%20%20%20%20%20%20%20final_url%20%3D%20re_me%28page_data%2C%20%5C%27HREF%3D%22%28%5B%5E%22%5D%2B%29%22%5C%27%29%5Cr%5Cn%5Cr%5Cn%20%20%20%20if%20%5C%27dag1.asx%5C%27%20in%20final_url%3A%5Cr%5Cn%20%20%20%20%20%20%20%20return%20get_dag_url%28final_url%29%5Cr%5Cn%5Cr%5Cn%20%20%20%20if%20%5C%27devinlivefs.fplive.net%5C%27%20not%20in%20final_url%3A%5Cr%5Cn%20%20%20%20%20%20%20%20final_url%20%3D%20final_url.replace%28%5C%27devinlive%5C%27%2C%20%5C%27flive%5C%27%29%5Cr%5Cn%20%20%20%20if%20%5C%27permlivefs.fplive.net%5C%27%20not%20in%20final_url%3A%5Cr%5Cn%20%20%20%20%20%20%20%20final_url%20%3D%20final_url.replace%28%5C%27permlive%5C%27%2C%20%5C%27flive%5C%27%29%5Cr%5Cn%20%20%20%20return%20%5C%27%5C%27%5Cr%5Cn%27%2C%20%27name%27%3A%20u%27comecristal%27%2C%20%27page%27%3A%20None%7D%7D",return)</action>
	</shortcut>
	<shortcut>
		<defaultID />
		<label>ARENAVISION</label>
		<label2>Ítem Personalizado</label2>
		<icon>DefaultShortcut.png</icon>
		<thumb>special://skin/extras/icons/shuffle.png</thumb>
		<action>ActivateWindow(Videos,"plugin://plugin.video.cristalazul/?url=plugin%3A%2F%2Fplugin.video.cristalazul%2F%3Ficonimage%3Dhttps%253a%252f%252fi.imgur.com%252fZOJKew0.jpg%26mode%3D17%26regexs%3D%257bu%2527arena%2527%253a%2520%257b%2527name%2527%253a%2520u%2527arena%2527%252c%2520%2527listrepeat%2527%253a%2520u%2527%255cr%255cn%253ctitle%253e%255bCOLOR%2520orange%255d%255bpicapau.param5%255d%2520%255b%252fCOLOR%255d%255bCOLOR%2520white%255d%255bpicapau.param10%255d%255b%252fCOLOR%255d%255bCOLOR%2520red%255d%2520%2524doregex%255bnumero%255d%2520%255b%252fCOLOR%255d%255bCOLOR%2520yellow%255d%255bpicapau.param8%255d%255b%252fCOLOR%255d%255bCOLOR%2520aqua%255d%2520By%2520Cristal%2520Azul%255b%252fCOLOR%255d%253c%252ftitle%253e%255cr%255cn%253clink%253eplugin%253a%252f%252fprogram.plexus%252f%253furl%253d%2524doregex%255bautoin%255d%2526amp%253bmode%253d1%2526amp%253bname%253d%255bCOLOR%2520aqua%255d%2520By%2520Cristal%2520Azul%255b%252fCOLOR%255d%253c%252flink%253e%255cr%255cn%253cthumbnail%253e%2524doregex%255bimg%255d%253c%252fthumbnail%253e%255cr%255cn%253cfanart%253ehttps%253a%252f%252fugc.kn3.net%252fi%252forigin%252fhttp%253a%252f%252f3.bp.blogspot.com%252f-7Sq_1Ap72R0%252fTcnvEtT2eyI%252fAAAAAAAAA_Y%252fHWSWReXQsmI%252fs1600%252fcamp-nou.jpg%253c%252ffanart%253e%255cr%255cn%2527%252c%2520%2527agent%2527%253a%2520u%2527Mozilla%252f5.0%2520%28X11%253b%2520Linux%2520i686%29%2520AppleWebKit%252f537.36%2520%28KHTML%252c%2520like%2520Gecko%29%2520Ubuntu%2520Chromium%252f48.0.2564.116%2520Chrome%252f48.0.2564.116%2520Safari%252f537.36%2527%252c%2520%2527expres%2527%253a%2520u%2527%28%253fs%29AV%252011-20%253c%252fa%253e%253cul%2520class%253d%2522menu%2522%253e.%252a%253fhref%253d%2522%28.%252a%253f%2911%2527%252c%2520%2527referer%2527%253a%2520u%2527http%253a%252f%252farenavision.us%2527%252c%2520%2527setcookie%2527%253a%2520u%2527beget%253dbegetok%2527%252c%2520%2527page%2527%253a%2520u%2527http%253a%252f%252farenavision.us%252f%2527%257d%252c%2520u%2527picapau%2527%253a%2520%257b%2527name%2527%253a%2520u%2527picapau%2527%252c%2520%2527listrepeat%2527%253a%2520u%2527%255cr%255cn%253ctitle%253e%255bCOLOR%2520white%255d%255bpicapau.param1%255d%2520%255b%252fCOLOR%255d%255bCOLOR%2520orange%255d%255bpicapau.param5%255d%2520%255b%252fCOLOR%255d%255bCOLOR%2520yellow%255d%255bpicapau.param9%255d%2520%255b%252fCOLOR%255d%255bCOLOR%2520white%255d%255bpicapau.param10%255d%255b%252fCOLOR%255d%255bCOLOR%2520red%255d%2520%2524doregex%255bnumero%255d%2520%255b%252fCOLOR%255d%255bCOLOR%2520yellow%255d%255bpicapau.param12%255d%255b%252fCOLOR%255d%253c%252ftitle%253e%255cr%255cn%253cthumbnail%253e%2524doregex%255bimg%255d%253c%252fthumbnail%253e%255cr%255cn%253cfanart%253ehttps%253a%252f%252fugc.kn3.net%252fi%252forigin%252fhttp%253a%252f%252f3.bp.blogspot.com%252f-7Sq_1Ap72R0%252fTcnvEtT2eyI%252fAAAAAAAAA_Y%252fHWSWReXQsmI%252fs1600%252fcamp-nou.jpg%253c%252ffanart%253e%255cr%255cn%253clink%253e%2524doregex%255barena%255d%253c%252flink%253e%255cr%255cn%2527%252c%2520%2527agent%2527%253a%2520u%2527Mozilla%252f5.0%2520%28X11%253b%2520Linux%2520i686%29%2520AppleWebKit%252f537.36%2520%28KHTML%252c%2520like%2520Gecko%29%2520Ubuntu%2520Chromium%252f48.0.2564.116%2520Chrome%252f48.0.2564.116%2520Safari%252f537.36%2527%252c%2520%2527expres%2527%253a%2520u%2527%28%253fs%29%253ctd%255b%255e%253e%255d%252b%253e%28%28%255c%255cd%252b%29%252f%28%255c%255cd%252b%29%252f%28%255c%255cd%252b%29%29%253c%252ftd%253e.%252a%253f%253ctd%255b%255e%253e%255d%252b%253e%28%28%255c%255cd%252b%29%253a%28%255c%255cd%252b%29%29%255b%255e%253c%255d%252a%253c%252ftd%253e.%252a%253f%253ctd%255b%255e%253e%255d%252b%253e%28.%252b%253f%29%253c%252ftd%253e.%252a%253f%253ctd%255b%255e%253e%255d%252b%253e%28.%252b%253f%29%253c%252ftd%253e.%252a%253f%253ctd%255b%255e%253e%255d%252b%253e%28.%252b%253f%29%253c%252ftd%253e.%252a%253fclass%253d%2522.%252a%253f%28%253e%255c%255cd%252b%29.%252a%253f%28%255c%255c%255b.%252a%253f%255c%255c%255d%29%2527%252c%2520%2527referer%2527%253a%2520u%2527http%253a%252f%252farenavision.us%2527%252c%2520%2527setcookie%2527%253a%2520u%2527beget%253dbegetok%2527%252c%2520%2527page%2527%253a%2520u%2527http%253a%252f%252farenavision.us%252fguide%2527%257d%252c%2520u%2527numero%2527%253a%2520%257b%2527expres%2527%253a%2520u%2522%2524pyFunction%253a%2527%255bpicapau.param11%255d%2527.replace%28%2527%253e5%2527%252c%252705%2527%29.replace%28%2527%253e6%2527%252c%252706%2527%29.replace%28%2527%253e7%2527%252c%252707%2527%29.replace%28%2527%253e8%2527%252c%252708%2527%29.replace%28%2527%253e9%2527%252c%252709%2527%29.replace%28%2527%253e10%2527%252c%252710%2527%29.replace%28%2527%253e11%2527%252c%252711%2527%29.replace%28%2527%253e12%2527%252c%252712%2527%29.replace%28%2527%253e13%2527%252c%252713%2527%29.replace%28%2527%253e14%2527%252c%252714%2527%29.replace%28%2527%253e15%2527%252c%252715%2527%29.replace%28%2527%253e16%2527%252c%252716%2527%29.replace%28%2527%253e17%2527%252c%252717%2527%29.replace%28%2527%253e18%2527%252c%252718%2527%29.replace%28%2527%253e19%2527%252c%252719%2527%29.replace%28%2527%253e20%2527%252c%252720%2527%29.replace%28%2527%253e21%2527%252c%252721%2527%29.replace%28%2527%253e22%2527%252c%252722%2527%29.replace%28%2527%253e23%2527%252c%252723%2527%29.replace%28%2527%253e24%2527%252c%252724%2527%29.replace%28%2527%253e25%2527%252c%252725%2527%29.replace%28%2527%253e26%2527%252c%252726%2527%29.replace%28%2527%253e27%2527%252c%252727%2527%29.replace%28%2527%253e28%2527%252c%252728%2527%29.replace%28%2527%253e29%2527%252c%252729%2527%29.replace%28%2527%253e30%2527%252c%252730%2527%29.replace%28%2527%253e31%2527%252c%252731%2527%29.replace%28%2527%253e32%2527%252c%252732%2527%29.replace%28%2527%253e33%2527%252c%252733%2527%29.replace%28%2527%253e34%2527%252c%252734%2527%29.replace%28%2527%253e35%2527%252c%252735%2527%29.replace%28%2527%253e36%2527%252c%252736%2527%29.replace%28%2527%253e37%2527%252c%252737%2527%29.replace%28%2527%253e38%2527%252c%252738%2527%29.replace%28%2527%253e39%2527%252c%252739%2527%29.replace%28%2527%253e40%2527%252c%252740%2527%29.replace%28%2527%253e41%2527%252c%252741%2527%29.replace%28%2527%253e42%2527%252c%252742%2527%29.replace%28%2527%253e1%2527%252c%252701%2527%29.replace%28%2527%253e2%2527%252c%252702%2527%29.replace%28%2527%253e3%2527%252c%252703%2527%29.replace%28%2527%253e4%2527%252c%252704%2527%29%2522%252c%2520%2527name%2527%253a%2520u%2527numero%2527%252c%2520%2527page%2527%253a%2520None%257d%252c%2520u%2527autoin%2527%253a%2520%257b%2527expres%2527%253a%2520u%2527this.loadPlayer%255c%255c%28%2522%28.%252a%253f%29%2522%2527%252c%2520%2527referer%2527%253a%2520u%2527https%253a%252f%252farenavision.us%2527%252c%2520%2527name%2527%253a%2520u%2527autoin%2527%252c%2520%2527setcookie%2527%253a%2520u%2527beget%253dbegetok%2527%252c%2520%2527page%2527%253a%2520u%2527%255barena.param1%255d%2524doregex%255bnumero%255d%2527%257d%252c%2520u%2527img%2527%253a%2520%257b%2527expres%2527%253a%2520u%2522%2524pyFunction%253a%28%2527%255bpicapau.param8%255d%2527%29.replace%28%2527SOCCER%2527%252c%2527http%253a%252f%252fbit.ly%252fimg-avezy-soccer%2527%29.replace%28%2527TENNIS%2527%252c%2527http%253a%252f%252fbit.ly%252fimg-avezy-tennis%2527%29.replace%28%2527FOOTBALL%2527%252c%2527http%253a%252f%252fbit.ly%252fimg-avezy-football%2527%29.replace%28%2527RUGBY%2527%252c%2527http%253a%252f%252fbit.ly%252fimg-avezy-football%2527%29.replace%28%2527MOTORSPORT%2527%252c%2527http%253a%252f%252fbit.ly%252fimg-avezy-motorsport%2527%29.replace%28%2527ATHLETICS%2527%252c%2527https%253a%252f%252fi.imgur.com%252flQrhRs8.jpg%2527%29.replace%28%2527BADMINTON%2527%252c%2527http%253a%252f%252fbit.ly%252fimg-avezy-badminton%2527%29.replace%28%2527BASEBALL%2527%252c%2527http%253a%252f%252fbit.ly%252fimg-avezy-baseball%2527%29.replace%28%2527BASKETBALL%2527%252c%2527http%253a%252f%252fbit.ly%252fimg-avezy-basketball%2527%29.replace%28%2527BOWLING%2527%252c%2527http%253a%252f%252fbit.ly%252fimg-avezy-bowling%2527%29.replace%28%2527BOXING%2527%252c%2527http%253a%252f%252fbit.ly%252fimg-avezy-boxing%2527%29.replace%28%2527CRICKET%2527%252c%2527https%253a%252f%252fi.imgur.com%252flQrhRs8.jpg%2527%29.replace%28%2527CYCLING%2527%252c%2527http%253a%252f%252fbit.ly%252fimg-avezy-cycling%2527%29.replace%28%2527DARTS%2527%252c%2527https%253a%252f%252fi.imgur.com%252flQrhRs8.jpg%2527%29.replace%28%2527FORMULA%25201%2527%252c%2527http%253a%252f%252fbit.ly%252fimg-avezy-motorsport%2527%29.replace%28%2527GOLF%2527%252c%2527http%253a%252f%252fbit.ly%252fimg-avezy-golf%2527%29.replace%28%2527HOCKEY%2527%252c%2527http%253a%252f%252fbit.ly%252fimg-avezy-hockey%2527%29.replace%28%2527MMA%2527%252c%2527https%253a%252f%252fi.imgur.com%252flQrhRs8.jpg%2527%29.replace%28%2527MOTOGP%2527%252c%2527http%253a%252f%252fbit.ly%252fimg-avezy-motogp%2527%29.replace%28%2527PING-PONG%2527%252c%2527https%253a%252f%252fi.imgur.com%252flQrhRs8.jpg%2527%29.replace%28%2527POOL%2527%252c%2527http%253a%252f%252fbit.ly%252fimg-avezy-pool%2527%29.replace%28%2527SOCCER_%28W%29%2527%252c%2527http%253a%252f%252fbit.ly%252fimg-avezy-soccer%2527%29.replace%28%2527SWIMMING%2527%252c%2527https%253a%252f%252fi.imgur.com%252flQrhRs8.jpg%2527%29.replace%28%2527VOLLEYBALL%2527%252c%2527http%253a%252f%252fbit.ly%252fimg-avezy-volleyball%2527%29.replace%28%2527WATERPOLO%2527%252c%2527https%253a%252f%252fi.imgur.com%252flQrhRs8.jpg%2527%29%2522%252c%2520%2527name%2527%253a%2520u%2527img%2527%252c%2520%2527page%2527%253a%2520None%257d%257d%26url%3D%2524doregex%255bpicapau%255d&amp;mode=53&amp;name=%5BCOLOR+lightgreen%5DArenaVision+%5BCOLOR+white%5Dagenda+simple+.us%5B%2FCOLOR%5D&amp;fanart=https%3A%2F%2Fugc.kn3.net%2Fi%2Forigin%2Fhttp%3A%2F%2F3.bp.blogspot.com%2F-7Sq_1Ap72R0%2FTcnvEtT2eyI%2FAAAAAAAAA_Y%2FHWSWReXQsmI%2Fs1600%2Fcamp-nou.jpg",return)</action>
	</shortcut>
	<shortcut>
		<defaultID />
		<label>MOTOR</label>
		<label2>Ítem Personalizado</label2>
		<icon>DefaultShortcut.png</icon>
		<thumb>special://skin/extras/icons/truck.png</thumb>
		<action>ActivateWindow(Videos,"plugin://plugin.video.cristalazul/?url=http%3A%2F%2Fbit.ly%2F2TaVvm1%24%24LSProEncKey%3D1234567890123456%24%24&amp;mode=1&amp;name=%5BCOLOR+lightgreen%5DPocima+Azul%5BCOLOR+white%5D+Mundo+Motor%5B%2FCOLOR%5D&amp;fanart=https%3A%2F%2Fi.imgur.com%2FDiXb6Nn.jpg",return)</action>
	</shortcut>
	<shortcut>
		<defaultID />
		<label>BALONCESTO</label>
		<label2>Complemento de Vídeo</label2>
		<icon>DefaultShortcut.png</icon>
		<thumb>special://skin/extras/icons/basketball.png</thumb>
		<action>ActivateWindow(Videos,"plugin://plugin.video.cristalazul/?url=https%3A%2F%2Fpastebin.com%2Fraw%2FE4FLip2C&amp;mode=1&amp;name=%5BCOLOR+lightgreen%5DBaloncesto%5B%2FCOLOR%5D+%5BCOLOR+white%5DNBA%2C+ACB%2C+EUROBASQUET...%5B%2FCOLOR%5D+&amp;fanart=https%3A%2F%2Fugc.kn3.net%2Fi%2Forigin%2Fhttp%3A%2F%2F3.bp.blogspot.com%2F-7Sq_1Ap72R0%2FTcnvEtT2eyI%2FAAAAAAAAA_Y%2FHWSWReXQsmI%2Fs1600%2Fcamp-nou.jpg",return)</action>
	</shortcut>
	<shortcut>
		<defaultID />
		<label>REPETICIONES</label>
		<label2>Complemento de Vídeo</label2>
		<icon>DefaultShortcut.png</icon>
		<thumb>special://skin/extras/icons/play3.png</thumb>
		<action>ActivateWindow(Videos,"plugin://plugin.video.cristalazul/?url=https%3A%2F%2Fpastebin.com%2Fraw%2FdNkEPZ4J&amp;mode=1&amp;name=%5BCOLOR+gold%5D%2A+%5BCOLOR+lightgreen%5DRepeticiones+%5BCOLOR+white%5DDeportivas%5B%2FCOLOR%5D+&amp;fanart=https%3A%2F%2Fugc.kn3.net%2Fi%2Forigin%2Fhttp%3A%2F%2F3.bp.blogspot.com%2F-7Sq_1Ap72R0%2FTcnvEtT2eyI%2FAAAAAAAAA_Y%2FHWSWReXQsmI%2Fs1600%2Fcamp-nou.jpg",return)</action>
	</shortcut>
</shortcuts>
