<?xml version='1.0' encoding='UTF-8'?>
<shortcuts>
	<shortcut>
		<defaultID>plugin.video.Explora</defaultID>
		<label>Explora</label>
		<label2>Complemento de Vídeo</label2>
		<icon>DefaultShortcut.png</icon>
		<thumb>special://skin/extras/icons/addons.png</thumb>
		<action>ActivateWindow(Videos,"plugin://plugin.video.Explora",return)</action>
	</shortcut>
	<shortcut>
		<defaultID>plugin.video.Agora</defaultID>
		<label>[B][LOWERCASE][CAPITALIZE][COLOR white]Agora[/CAPITALIZE][/LOWERCASE][/B][/COLOR]</label>
		<label2>Complemento de Vídeo</label2>
		<icon>DefaultShortcut.png</icon>
		<thumb>special://skin/extras/icons/addons.png</thumb>
		<action>ActivateWindow(Videos,"plugin://plugin.video.Agora",return)</action>
	</shortcut>
</shortcuts>
