<?xml version='1.0' encoding='UTF-8'?>
<shortcuts>
	<shortcut>
		<defaultID>plugin.video.youtube</defaultID>
		<label>YouTube</label>
		<label2>Complemento de Vídeo</label2>
		<icon>DefaultShortcut.png</icon>
		<thumb>image://%2fstorage%2femulated%2f0%2fAndroid%2fdata%2forg.xbmc.kodi%2ffiles%2f.kodi%2faddons%2fplugin.video.youtube%2ficon.png/</thumb>
		<action>ActivateWindow(Videos,"plugin://plugin.video.youtube",return)</action>
	</shortcut>
	<shortcut>
		<defaultID />
		<label>[COLOR white][B]Más Vistas[/B][/COLOR]</label>
		<label2>Complemento de Vídeo</label2>
		<icon>DefaultShortcut.png</icon>
		<thumb>image://%2fstorage%2femulated%2f0%2fAndroid%2fdata%2forg.xbmc.kodi%2ffiles%2f.kodi%2faddons%2fplugin.video.palantir%2fresources%2fmedia%2f%2fpelis_dibus_mas_vistas.png/</thumb>
		<action>ActivateWindow(Videos,"plugin://plugin.video.palantir/?action=pelis_dibujos_mas_vistas",return)</action>
	</shortcut>
	<shortcut>
		<defaultID />
		<label>CANALES TV</label>
		<label2>Complemento de Vídeo</label2>
		<icon>DefaultShortcut.png</icon>
		<thumb>image://https%3a%2f%2fimages-eu.ssl-images-amazon.com%2fimages%2fI%2f51cdv-PMYcL.png/</thumb>
		<action>ActivateWindow(Videos,"plugin://plugin.video.evilstreams/?url=https%3A%2F%2Fpastebin.com%2Fraw%2FiHapZkyY&amp;mode=1&amp;name=%5BCOLOR+orange%5D%5BCOLOR++lime%5D%E2%80%A2++%5B%2FCOLOR%5D%5BB%5DInfantiles%5B%2FB%5D%5B%2FCOLOR%5D&amp;fanart=https%3A%2F%2Fwww.masvalesaber.com%2Fwp-content%2Fuploads%2F2017%2F04%2Fni%25C3%25B1os-jugando-con-las-rondas-infantiles-696x461.jpg",return)</action>
	</shortcut>
</shortcuts>
