<?xml version='1.0' encoding='UTF-8'?>
<shortcuts>
	<shortcut>
		<defaultID>plugin.video.spotitube</defaultID>
		<label>Youtube Music</label>
		<label2>Complemento de Vídeo</label2>
		<icon>DefaultShortcut.png</icon>
		<thumb>image://%2fstorage%2femulated%2f0%2fAndroid%2fdata%2forg.xbmc.kodi%2ffiles%2f.kodi%2faddons%2fplugin.video.spotitube%2ficon.png/</thumb>
		<action>ActivateWindow(Videos,"plugin://plugin.video.spotitube",return)</action>
	</shortcut>
	<shortcut>
		<defaultID>plugin.video.chillout</defaultID>
		<label>Chill Out</label>
		<label2>Complemento de Vídeo</label2>
		<icon>DefaultShortcut.png</icon>
		<thumb>image://%2fstorage%2femulated%2f0%2fAndroid%2fdata%2forg.xbmc.kodi%2ffiles%2f.kodi%2faddons%2fplugin.video.chillout%2ficon.png/</thumb>
		<action>ActivateWindow(Videos,"plugin://plugin.video.chillout",return)</action>
	</shortcut>
	<shortcut>
		<defaultID>plugin.video.insession</defaultID>
		<label>In Session</label>
		<label2>Complemento de Vídeo</label2>
		<icon>DefaultShortcut.png</icon>
		<thumb>image://%2fstorage%2femulated%2f0%2fAndroid%2fdata%2forg.xbmc.kodi%2ffiles%2f.kodi%2faddons%2fplugin.video.insession%2ficon.png/</thumb>
		<action>ActivateWindow(Videos,"plugin://plugin.video.insession",return)</action>
	</shortcut>
	<shortcut>
		<defaultID>plugin.video.dance</defaultID>
		<label>DANCE MUSIC</label>
		<label2>Complemento de Vídeo</label2>
		<icon>DefaultShortcut.png</icon>
		<thumb>image://%2fstorage%2femulated%2f0%2fAndroid%2fdata%2forg.xbmc.kodi%2ffiles%2f.kodi%2faddons%2fplugin.video.dance%2ficon.png/</thumb>
		<action>ActivateWindow(Videos,"plugin://plugin.video.dance",return)</action>
	</shortcut>
	<shortcut>
		<defaultID />
		<label>palantir</label>
		<label2>Complemento de Vídeo</label2>
		<icon>DefaultShortcut.png</icon>
		<thumb>image://%2fstorage%2femulated%2f0%2fAndroid%2fdata%2forg.xbmc.kodi%2ffiles%2f.kodi%2faddons%2fplugin.video.palantir%2fresources%2fmedia%2f%2fmenu_musica.png/</thumb>
		<action>ActivateWindow(Videos,"plugin://plugin.video.palantir/?action=musica_menu",return)</action>
	</shortcut>
</shortcuts>
