<shortcuts>
	<shortcut>
		<defaultID>133</defaultID>
		<label>133</label>
		<label2 />
		<icon />
		<thumb />
		<action>ActivateWindow(Videos,videodb://musicvideos/artists/,return)</action>
	</shortcut>
	<shortcut>
		<defaultID>135</defaultID>
		<label>135</label>
		<label2 />
		<icon />
		<thumb />
		<action>ActivateWindow(Videos,videodb://musicvideos/genres,return)</action>
	</shortcut>
	<shortcut>
		<defaultID>31328</defaultID>
		<label>31328</label>
		<label2 />
		<icon />
		<thumb />
		<action>ActivateWindow(Videos,videodb://recentlyaddedmusicvideos/,return)</action>
	</shortcut>
	<shortcut>
		<defaultID>652</defaultID>
		<label>652</label>
		<label2 />
		<icon />
		<thumb />
		<action>ActivateWindow(Videos,videodb://musicvideos/years/,return)</action>
	</shortcut>
	<shortcut>
		<defaultID>20459</defaultID>
		<label>20459</label>
		<label2 />
		<icon />
		<thumb />
		<action>ActivateWindow(Videos,videodb://musicvideos/tags/,return)</action>
	</shortcut>
</shortcuts>
