<?xml version='1.0' encoding='UTF-8'?>
<shortcuts>
	<shortcut>
		<defaultID>plugin.video.Agora</defaultID>
		<label>Agora</label>
		<label2>Complemento de Vídeo</label2>
		<icon>DefaultShortcut.png</icon>
		<thumb>image://C%3a%5cUsers%5cMoises%20Perez%5cAppData%5cRoaming%5cKodi%5caddons%5cplugin.video.Agora%5cicon.png/</thumb>
		<action>ActivateWindow(Videos,"plugin://plugin.video.Agora",return)</action>
	</shortcut>
	<shortcut>
		<defaultID />
		<label>Palantir</label>
		<label2>Complemento de Vídeo</label2>
		<icon>DefaultShortcut.png</icon>
		<thumb>image://C%3a%5cUsers%5cMoises%20Perez%5cAppData%5cRoaming%5cKodi%5caddons%5cplugin.video.palantir%5cresources%2fmedia%2f%2fmenu_documentales.png/</thumb>
		<action>ActivateWindow(Videos,"plugin://plugin.video.palantir/?action=documentales_menu",return)</action>
	</shortcut>
	<shortcut>
		<defaultID />
		<label>Cristal azul</label>
		<label2>Complemento de Vídeo</label2>
		<icon>DefaultShortcut.png</icon>
		<thumb>image://https%3a%2f%2fi.imgur.com%2f0aCdI0L.jpg/</thumb>
		<action>ActivateWindow(Videos,"plugin://plugin.video.cristalazul/?url=%24doregex%5Bmakelist4%5D&amp;mode=17&amp;regexs=%7Bu%27search%27%3A%20%7B%27expres%27%3A%20u%27%23%24pyFunction%5Cnimport%20requests%2Cxbmcgui%2Cxbmc%2C%20re%2Ctime%2C%20xbmcaddon%5Cndef%20GetLSProData%28page_data%2CCookie_Jar%2Cm%29%3A%5Cn%20%5Cn%20text%3D%20%5C%27%5Bmakelist4.param1%5D%5C%27%5Cn%20url%20%3D%20%5C%27https%3A//www.youtube.com/results%3Fsearch_query%3Ddocumental%20hd%20%5C%27%20%2B%20text.replace%28%5C%27-%5C%27%2C%20%5C%27%2B%5C%27%29%5Cn%20req%20%3D%20requests.get%28url%29%5Cn%20list1%20%3D%20re.findall%28%5C%27yt-lockup-c.%2B%3Fa%5C%5Cshref%3D%22.watch.v%3D%28%5B%5E%22%5D%2B%29%22.%2B%3F%5C%5Cs%5C%5Cstitle%3D%22%28%5B%5E%22%5D%2B%29%22%5C%5Cs%5C%27%2C%20req.text%29%5Cn%20%5Cn%20count%20%3D%2050%5Cn%20while%20count%20%3E%201%3A%5Cn%20%20%20try%3A%5Cn%20%20%20%20%20url%20%3D%20%5C%27https%3A//www.youtube.com%5C%27%20%2B%20re.findall%28%5C%27a%20href%3D%22%28%5B%5E%22%5D%2B%29%22.%2B%3C%5C%5C/a%3E%5C%5Cn%20%3C%5C%5C/div%3E%5C%27%2C%20req.text%29%5B0%5D%5Cn%20%20%20except%3A%5Cn%20%20%20%20%20return%20list1%5Cn%20%20%20req%20%3D%20requests.get%28url%29%5Cn%20%20%20list2%20%3D%20re.findall%28%5C%27yt-lockup-c.%2B%3Fa%5C%5Cshref%3D%22.watch.v%3D%28%5B%5E%22%5D%2B%29%22.%2B%3F%5C%5Cs%5C%5Cstitle%3D%22%28%5B%5E%22%5D%2B%29%22%5C%5Cs%5C%27%2C%20req.text%29%5Cn%20%20%20list1%20%3D%20list1%20%2B%20list2%5Cn%20%20%20count%20%3D%20count%20-%201%5Cn%20return%20list1%5Cn%20%5Cndef%20takeInputFortext%28txt%29%3A%5Cn%20addon%20%3D%20xbmcaddon.Addon%28%5C%27plugin.video.cristalazul%5C%27%29%5Cn%20addon_version%20%3D%20addon.getAddonInfo%28%5C%27version%5C%27%29%5Cn%20profile%20%3D%20xbmc.translatePath%28addon.getAddonInfo%28%5C%27profile%5C%27%29.decode%28%5C%27utf-8%5C%27%29%29%5Cn%20%5Cn%20solver%20%3D%20InputWindow%28%20txt%3Dtxt%29%5Cn%20solution%20%3D%20solver.get%28%29%5Cn%20return%20solution%5Cn%20%5Cnclass%20InputWindow%28xbmcgui.WindowDialog%29%3A%5Cn%20%20%20%20def%20__init__%28self%2C%20%2Aargs%2C%20%2A%2Akwargs%29%3A%5Cn%20%20%20%20%20%20%20%5Cn%20%20%20%20%20%20%20%20self.txt%20%3D%20kwargs.get%28%5C%27txt%5C%27%2C%5C%27%5C%27%29%5Cn%20%5Cn%20%20%20%20%20%20%20%20xbmcgui.WindowXMLDialog.__init__%28self%29%5Cn%20%20%20%20%20%20%20%20%23self.addControl%28self.txt%29%5Cn%20%20%20%20%20%20%20%20path%20%3D%20xbmcaddon.Addon%28%29.getAddonInfo%28%5C%27path%5C%27%29%5Cn%20%20%20%20%20%20%20%20self.kbd%20%3D%20xbmc.Keyboard%28%29%5Cn%20%20%20%20%20%20%20%20self.kbd.setHeading%28%20self.txt%29%5Cn%20%5Cn%20%20%20%20def%20get%28self%29%3A%5Cn%20%20%20%20%20%20%20%20self.show%28%29%5Cn%20%20%20%20%20%20%20%20time.sleep%282%29%5Cn%20%20%20%20%20%20%20%20self.kbd.doModal%28%29%5Cn%20%20%20%20%20%20%20%20if%20%28self.kbd.isConfirmed%28%29%29%3A%5Cn%20%20%20%20%20%20%20%20%20%20%20%20text%20%3D%20self.kbd.getText%28%29%5Cn%20%20%20%20%20%20%20%20%20%20%20%20self.close%28%29%5Cn%20%20%20%20%20%20%20%20%20%20%20%20return%20text%5Cn%20%20%20%20%20%20%20%20self.close%28%29%5Cn%20%20%20%20%20%20%20%20return%20False%5Cn%27%2C%20%27name%27%3A%20u%27search%27%2C%20%27page%27%3A%20None%7D%2C%20u%27makelist%27%3A%20%7B%27listrepeat%27%3A%20u%27%5Cn%3Ctitle%3E%5BCOLOR%20gold%5D%2A%5E%5BCOLOR%20lightblue%5D%5Bmakelist.param2%5D%5B/COLOR%5D%3C/title%3E%5Cn%3Clink%3E%24doregex%5Bresolve%5D%3C/link%3E%5Cn%3Cinfo%3E%5BCOLOR%20gold%5D%2A%5EDocumental%20%5BCOLOR%20lightblue%5D%5Bmakelist.param2%5D%5B/COLOR%5D%3C/info%3E%5Cn%3Cthumbnail%3Ehttps%3A//i.ytimg.com/vi/%5Bmakelist.param1%5D/hqdefault.jpg%3C/thumbnail%3E%5Cn%3Cfanart%3Ehttps%3A//i.imgur.com/r11JPrE.jpg%3C/fanart%3E%5Cn%27%2C%20%27expres%27%3A%20u%22u%27%28.%2B%3F%29%27%2C%20u%27%28.%2B%3F%29%27%22%2C%20%27name%27%3A%20u%27makelist%27%2C%20%27page%27%3A%20u%27%24doregex%5Bsearch%5D%27%7D%2C%20u%27makelist4%27%3A%20%7B%27listrepeat%27%3A%20u%27%5Cn%3Ctitle%3E%5BCOLOR%20gold%5D%2A%5E%5BCOLOR%20lightblue%5D%5Bmakelist4.param2%5D%5B/COLOR%5D%3C/title%3E%5Cn%3Clink%3E%24doregex%5Bmakelist%5D%3C/link%3E%5Cn%3Cinfo%3E%5BCOLOR%20gold%5D%2A%5ETema%20Documental%20%5BCOLOR%20lightblue%5D%5Bmakelist4.param2%5D%5B/COLOR%5D%3C/info%3E%5Cn%3Cthumbnail%3Ehttps%3A//i.imgur.com/EDpUPqK.jpg%3C/thumbnail%3E%5Cn%3Cfanart%3Ehttps%3A//i.imgur.com/r11JPrE.jpg%3C/fanart%3E%5Cn%27%2C%20%27expres%27%3A%20u%22%28%3Fs%29%3Ca%20href%3D%27%5C%5C/tag%5C%5C/%28%5B%5E%27%5D%2B%29.%2A%3F%3E%28.%2A%3F%29%3C%22%2C%20%27name%27%3A%20u%27makelist4%27%2C%20%27page%27%3A%20u%27http%3A//bit.ly/cristalazuldocumentales%27%7D%2C%20u%27resolve%27%3A%20%7B%27expres%27%3A%20u%22%23%24pyFunction%5Cnimport%20urlresolver%5Cndef%20GetLSProData%28page_data%2CCookie_Jar%2Cm%29%3A%5Cn%20url%20%3D%20%27https%3A//www.youtube.com/watch%3Fv%3D%5Bmakelist.param1%5D%27%5Cn%20streamLink%20%3D%20urlresolver.resolve%28url%29%5Cn%20return%20streamLink%5Cn%22%2C%20%27name%27%3A%20u%27resolve%27%2C%20%27page%27%3A%20None%7D%7D&amp;iconimage=https%3A%2F%2Fi.imgur.com%2F0aCdI0L.jpg",return)</action>
	</shortcut>
</shortcuts>
