<?xml version='1.0' encoding='UTF-8'?>
<shortcuts>
	<shortcut>
		<defaultID />
		<label>TV CHOPO</label>
		<label2>Complemento de Vídeo</label2>
		<icon>DefaultShortcut.png</icon>
		<thumb>special://skin/extras/icons/addons.png</thumb>
		<action>ActivateWindow(Videos,"plugin://plugin.video.tvchopo/?url=https%3A%2F%2Fpastebin.com%2Fraw%2FrSzKPkLY&amp;mode=1&amp;name=%5BB%5D%5BLOWERCASE%5D%5BCAPITALIZE%5D%5BCOLOR+white%5D+ZONA+TV+PREMIUM+%5B%2FCOLOR%5D%5B%2FCAPITALIZE%5D%5B%2FLOWERCASE%5D%5B%2FB%5D&amp;fanart=https%3A%2F%2Fi.imgur.com%2FP2QxzR4.png",return)</action>
	</shortcut>
	<shortcut>
		<defaultID />
		<label>TDT</label>
		<label2>Complemento de Vídeo</label2>
		<icon>DefaultShortcut.png</icon>
		<thumb>special://skin/extras/icons/addons.png</thumb>
		<action>ActivateWindow(Videos,"plugin://plugin.video.evilstreams/?url=https%3A%2F%2Fpastebin.com%2Fraw%2FU8AR6vUQ&amp;mode=1&amp;name=%5BCOLOR+yellow%5D%5BCOLOR++lime%5D%E2%80%A2++%5B%2FCOLOR%5D%5BB%5DTDT%5B%2FB%5D%5B%2FCOLOR%5D&amp;fanart=https%3A%2F%2Fdondescargas.com%2Fwp-content%2Fuploads%2F2018%2F12%2Ftdt-espana-732x380.jpg",return)</action>
	</shortcut>
	<shortcut>
		<defaultID />
		<label>DEPORTES</label>
		<label2>Complemento de Vídeo</label2>
		<icon>DefaultShortcut.png</icon>
		<thumb>special://skin/extras/icons/addons.png</thumb>
		<action>ActivateWindow(Videos,"plugin://plugin.video.evilstreams/?url=https%3A%2F%2Fpastebin.com%2Fraw%2FmaBeHeU4&amp;mode=1&amp;name=%5BCOLOR+green%5D%5BCOLOR++lime%5D%E2%80%A2++%5B%2FCOLOR%5D%5BB%5DDeportes%5B%2FB%5D%5B%2FCOLOR%5D&amp;fanart=https%3A%2F%2Fwww.mistercomparador.com%2Fnoticias%2Fwp-content%2Fuploads%2F2018%2F08%2Fmovistar-futbol-1.jpg",return)</action>
	</shortcut>
	<shortcut>
		<defaultID />
		<label>CINE</label>
		<label2>Complemento de Vídeo</label2>
		<icon>DefaultShortcut.png</icon>
		<thumb>special://skin/extras/icons/addons.png</thumb>
		<action>ActivateWindow(Videos,"plugin://plugin.video.evilstreams/?url=https%3A%2F%2Fpastebin.com%2Fraw%2FjLzyydUS&amp;mode=1&amp;name=%5BCOLOR+red%5D%5BCOLOR++lime%5D%E2%80%A2++%5B%2FCOLOR%5D%5BB%5DCine%5B%2FB%5D%5B%2FCOLOR%5D&amp;fanart=http%3A%2F%2Fwww.culturaencadena.com%2Fimages%2Fstories%2Fcontenidojunio%2Fmovitarplus.png",return)</action>
	</shortcut>
	<shortcut>
		<defaultID />
		<label>SERIES</label>
		<label2>Complemento de Vídeo</label2>
		<icon>DefaultShortcut.png</icon>
		<thumb>special://skin/extras/icons/addons.png</thumb>
		<action>ActivateWindow(Videos,"plugin://plugin.video.evilstreams/?url=https%3A%2F%2Fpastebin.com%2Fraw%2FZ3scpDLs&amp;mode=1&amp;name=%5BCOLOR+blue%5D%5BCOLOR++lime%5D%E2%80%A2++%5B%2FCOLOR%5D%5BB%5DSeries%5B%2FB%5D%5B%2FCOLOR%5D&amp;fanart=https%3A%2F%2Fwww.mundoplus.tv%2Fconcursos%2Fmovistar_series%2Fimagenes%2Fseriesmovistar.gif",return)</action>
	</shortcut>
	<shortcut>
		<defaultID />
		<label>DOCUMENTALES</label>
		<label2>Complemento de Vídeo</label2>
		<icon>DefaultShortcut.png</icon>
		<thumb>special://skin/extras/icons/addons.png</thumb>
		<action>ActivateWindow(Videos,"plugin://plugin.video.evilstreams/?url=https%3A%2F%2Fpastebin.com%2Fraw%2FcZFia4zp&amp;mode=1&amp;name=%5BCOLOR+white%5D%5BCOLOR++lime%5D%E2%80%A2++%5B%2FCOLOR%5D%5BB%5DDocumentales%5B%2FB%5D%5B%2FCOLOR%5D&amp;fanart=https%3A%2F%2Fverdesdigitales.com%2Fwp-content%2Fuploads%2F2016%2F10%2Fdocumentales-medio-ambiente.jpg",return)</action>
	</shortcut>
	<shortcut>
		<defaultID />
		<label>INFANTILES</label>
		<label2>Complemento de Vídeo</label2>
		<icon>DefaultShortcut.png</icon>
		<thumb>special://skin/extras/icons/addons.png</thumb>
		<action>ActivateWindow(Videos,"plugin://plugin.video.evilstreams/?url=https%3A%2F%2Fpastebin.com%2Fraw%2FiHapZkyY&amp;mode=1&amp;name=%5BCOLOR+orange%5D%5BCOLOR++lime%5D%E2%80%A2++%5B%2FCOLOR%5D%5BB%5DInfantiles%5B%2FB%5D%5B%2FCOLOR%5D&amp;fanart=https%3A%2F%2Fwww.masvalesaber.com%2Fwp-content%2Fuploads%2F2017%2F04%2Fni%25C3%25B1os-jugando-con-las-rondas-infantiles-696x461.jpg",return)</action>
	</shortcut>
	<shortcut>
		<defaultID />
		<label>MUSICA</label>
		<label2>Complemento de Vídeo</label2>
		<icon>DefaultShortcut.png</icon>
		<thumb>special://skin/extras/icons/addons.png</thumb>
		<action>ActivateWindow(Videos,"plugin://plugin.video.evilstreams/?url=https%3A%2F%2Fpastebin.com%2Fraw%2F28yycmwr&amp;mode=1&amp;name=%5BCOLOR+brown%5D%5BCOLOR++lime%5D%E2%80%A2++%5B%2FCOLOR%5D%5BB%5DM%C3%BAsica%5B%2FB%5D%5B%2FCOLOR%5D&amp;fanart=https%3A%2F%2Finfocielo.com%2Fuploads%2Fnoticias%2Fimagenes%2Fa%2F2018%2F11%2F20181122105502_.m%25C3%25BAsica.jpg",return)</action>
	</shortcut>
	<shortcut>
		<defaultID />
		<label>TAQUILLAS</label>
		<label2>Complemento de Vídeo</label2>
		<icon>DefaultShortcut.png</icon>
		<thumb>special://skin/extras/icons/addons.png</thumb>
		<action>ActivateWindow(Videos,"plugin://plugin.video.evilstreams/?url=https%3A%2F%2Fpastebin.com%2Fraw%2FhCj73dRD&amp;mode=1&amp;name=%5BCOLOR+olive%5D%5BCOLOR++lime%5D%E2%80%A2++%5B%2FCOLOR%5D%5BB%5DAlquiler+M%2B%5B%2FB%5D%5B%2FCOLOR%5D&amp;fanart=https%3A%2F%2Fs03.s3c.es%2Fimag%2F_v0%2F1800x900%2Fc%2F4%2Fb%2Fmovistar-plus-2.jpg",return)</action>
	</shortcut>
</shortcuts>
