<?xml version='1.0' encoding='UTF-8'?>
<shortcuts>
	<shortcut>
		<defaultID />
		<label>[COLOR yellow]Buscador[/COLOR]</label>
		<label2>Complemento de Vídeo</label2>
		<icon>DefaultShortcut.png</icon>
		<thumb>image://C%3a%5cUsers%5cMoises%20Perez%5cAppData%5cRoaming%5cKodi%5caddons%5cplugin.video.Real.stream%5cbuscar.png/</thumb>
		<action>ActivateWindow(Videos,"plugin://plugin.video.Real.stream/?url=search&amp;mode=111&amp;name=%5BCOLOR+yellow%5DBuscador%5B%2FCOLOR%5D&amp;iconimage=C%3A%5CUsers%5CMoises+Perez%5CAppData%5CRoaming%5CKodi%5Caddons%5Cplugin.video.Real.stream%5Cbuscar.png",return)</action>
	</shortcut>
	<shortcut>
		<defaultID />
		<label>[COLOR orange]Menu Peliculas[/COLOR] </label>
		<label2>Complemento de Vídeo</label2>
		<icon>DefaultShortcut.png</icon>
		<thumb>image://C%3a%5cUsers%5cMoises%20Perez%5cAppData%5cRoaming%5cKodi%5caddons%5cplugin.video.Real.stream%5cpeliculas.png/</thumb>
		<action>ActivateWindow(Videos,"plugin://plugin.video.Real.stream/?url=movieDB&amp;mode=116&amp;name=%5BCOLOR+orange%5DMenu+Peliculas%5B%2FCOLOR%5D+&amp;iconimage=C%3A%5CUsers%5CMoises+Perez%5CAppData%5CRoaming%5CKodi%5Caddons%5Cplugin.video.Real.stream%5Cpeliculas.png",return)</action>
	</shortcut>
	<shortcut>
		<defaultID />
		<label>[COLOR orange]Ajustes[/COLOR]</label>
		<label2>Complemento de Vídeo</label2>
		<icon>DefaultShortcut.png</icon>
		<thumb>image://C%3a%5cUsers%5cMoises%20Perez%5cAppData%5cRoaming%5cKodi%5caddons%5cplugin.video.Real.stream%5cajustes.png/</thumb>
		<action>ActivateWindow(Videos,"plugin://plugin.video.Real.stream/?url=Settings&amp;mode=119&amp;name=%5BCOLOR+orange%5DAjustes%5B%2FCOLOR%5D&amp;iconimage=C%3A%5CUsers%5CMoises+Perez%5CAppData%5CRoaming%5CKodi%5Caddons%5Cplugin.video.Real.stream%5Cajustes.png",return)</action>
	</shortcut>
	<shortcut>
		<defaultID />
		<label>[COLOR orange]Ajustes URL RESOLVER[/COLOR]</label>
		<label2>Complemento de Vídeo</label2>
		<icon>DefaultShortcut.png</icon>
		<thumb>image://C%3a%5cUsers%5cMoises%20Perez%5cAppData%5cRoaming%5cKodi%5caddons%5cplugin.video.Real.stream%5cresolver.png/</thumb>
		<action>ActivateWindow(Videos,"plugin://plugin.video.Real.stream/?url=resolve&amp;mode=120&amp;name=%5BCOLOR+orange%5DAjustes+URL+RESOLVER%5B%2FCOLOR%5D&amp;iconimage=C%3A%5CUsers%5CMoises+Perez%5CAppData%5CRoaming%5CKodi%5Caddons%5Cplugin.video.Real.stream%5Cresolver.png",return)</action>
	</shortcut>
	<shortcut>
		<defaultID />
		<label>[COLOR orange]Ajustes RESOLVE URL[/COLOR]</label>
		<label2>Complemento de Vídeo</label2>
		<icon>DefaultShortcut.png</icon>
		<thumb>image://C%3a%5cUsers%5cMoises%20Perez%5cAppData%5cRoaming%5cKodi%5caddons%5cplugin.video.Real.stream%5cresolver.png/</thumb>
		<action>ActivateWindow(Videos,"plugin://plugin.video.Real.stream/?url=resolve&amp;mode=140&amp;name=%5BCOLOR+orange%5DAjustes+RESOLVE+URL%5B%2FCOLOR%5D&amp;iconimage=C%3A%5CUsers%5CMoises+Perez%5CAppData%5CRoaming%5CKodi%5Caddons%5Cplugin.video.Real.stream%5Cresolver.png",return)</action>
	</shortcut>
	<shortcut>
		<defaultID />
		<label>[COLOR orange]Autorizar[/COLOR] [COLOR blue][B]OPENLOAD[/B][/COLOR]</label>
		<label2>Complemento de Vídeo</label2>
		<icon>DefaultShortcut.png</icon>
		<thumb>image://C%3a%5cUsers%5cMoises%20Perez%5cAppData%5cRoaming%5cKodi%5caddons%5cplugin.video.Real.stream%5cpair.png/</thumb>
		<action>ActivateWindow(Videos,"plugin://plugin.video.Real.stream/?url=movieDB&amp;mode=97&amp;name=%5BCOLOR+orange%5DAutorizar%5B%2FCOLOR%5D+%5BCOLOR+blue%5D%5BB%5DOPENLOAD%5B%2FB%5D%5B%2FCOLOR%5D&amp;iconimage=C%3A%5CUsers%5CMoises+Perez%5CAppData%5CRoaming%5CKodi%5Caddons%5Cplugin.video.Real.stream%5Cpair.png",return)</action>
	</shortcut>
	<shortcut>
		<defaultID />
		<label>[COLOR orange]Video tutoriales[/COLOR]</label>
		<label2>Complemento de Vídeo</label2>
		<icon>DefaultShortcut.png</icon>
		<thumb>image://C%3a%5cUsers%5cMoises%20Perez%5cAppData%5cRoaming%5cKodi%5caddons%5cplugin.video.Real.stream%5cvideo-tutoriales.png/</thumb>
		<action>ActivateWindow(Videos,"plugin://plugin.video.Real.stream/?url=http%3A%2F%2Fwww.youtube.com&amp;mode=125&amp;name=%5BCOLOR+orange%5DVideo+tutoriales%5B%2FCOLOR%5D&amp;iconimage=C%3A%5CUsers%5CMoises+Perez%5CAppData%5CRoaming%5CKodi%5Caddons%5Cplugin.video.Real.stream%5Cvideo-tutoriales.png",return)</action>
	</shortcut>
</shortcuts>
