<?xml version='1.0' encoding='UTF-8'?>
<shortcuts>
	<shortcut>
		<defaultID>plugin.video.YouKids</defaultID>
		<label>Youkids</label>
		<label2>Complemento de Vídeo</label2>
		<icon>DefaultShortcut.png</icon>
		<thumb>image://C%3a%5cUsers%5cMoises%20Perez%5cAppData%5cRoaming%5cKodi%5caddons%5cplugin.video.YouKids%5cicon.png/</thumb>
		<action>ActivateWindow(Videos,"plugin://plugin.video.YouKids",return)</action>
	</shortcut>
	<shortcut>
		<defaultID />
		<label>palantir</label>
		<label2>Complemento de Vídeo</label2>
		<icon>DefaultShortcut.png</icon>
		<thumb>image://C%3a%5cUsers%5cMoises%20Perez%5cAppData%5cRoaming%5cKodi%5caddons%5cplugin.video.palantir%5cresources%2fmedia%2f%2fmenu_dibujos.png/</thumb>
		<action>ActivateWindow(Videos,"plugin://plugin.video.palantir/?action=dibujos_menu",return)</action>
	</shortcut>
	<shortcut>
		<defaultID>plugin.video.festakids</defaultID>
		<label>Festa Kids</label>
		<label2>Complemento de Vídeo</label2>
		<icon>DefaultShortcut.png</icon>
		<thumb>image://C%3a%5cUsers%5cMoises%20Perez%5cAppData%5cRoaming%5cKodi%5caddons%5cplugin.video.festakids%5cicon.gif/</thumb>
		<action>ActivateWindow(Videos,"plugin://plugin.video.festakids",return)</action>
	</shortcut>
</shortcuts>
