<?xml version='1.0' encoding='UTF-8'?>
<shortcuts>
	<shortcut>
		<defaultID>plugin.video.cocina</defaultID>
		<label>Cocina</label>
		<label2>Complemento de Vídeo</label2>
		<icon>DefaultShortcut.png</icon>
		<thumb>image://%2fstorage%2femulated%2f0%2fAndroid%2fdata%2forg.xbmc.kodi%2ffiles%2f.kodi%2faddons%2fplugin.video.cocina%2ficon.png/</thumb>
		<action>ActivateWindow(Videos,"plugin://plugin.video.cocina",return)</action>
	</shortcut>
	<shortcut>
		<defaultID />
		<label>TV CHOPO</label>
		<label2>Complemento de Vídeo</label2>
		<icon>DefaultShortcut.png</icon>
		<thumb>image://https%3a%2f%2f1.bp.blogspot.com%2f-Ey-lafX_Zns%2fW043UH2wy1I%2fAAAAAAAAJPc%2fXCJGpi_fxZQlFQoubLyatvr5BB9LoJpzgCLcBGAs%2fs1600%2f16Zdeportes.jpg/</thumb>
		<action>ActivateWindow(Videos,"plugin://plugin.video.tvchopo/?url=https%3A%2F%2Fpastebin.com%2Fraw%2FJMmhnsLP&amp;mode=1&amp;name=%5BB%5D%5BLOWERCASE%5D%5BCAPITALIZE%5D%5BCOLOR+white%5D+bienvenidos+a+tvchopo+click+aqui+para+entrar+%5BCOLOR+orange%5D%5B%2FCOLOR%5D%5B%2FCAPITALIZE%5D%5B%2FLOWERCASE%5D%5B%2FB%5D&amp;fanart=https%3A%2F%2F3.bp.blogspot.com%2F-KKm_kbSVleI%2FW08IXF0SN6I%2FAAAAAAAAJQ0%2FthDXlurBbkIH2HYo4YCiKvj4iIjRZ5NWgCLcBGAs%2Fs1600%2Fpmenxfh.jpg",return)</action>
	</shortcut>
	<shortcut>
		<defaultID>plugin.video.tvalacarta</defaultID>
		<label>tvalacarta</label>
		<label2>Complemento de Vídeo</label2>
		<icon>DefaultShortcut.png</icon>
		<thumb>image://%2fstorage%2femulated%2f0%2fAndroid%2fdata%2forg.xbmc.kodi%2ffiles%2f.kodi%2faddons%2fplugin.video.tvalacarta%2ficon.png/</thumb>
		<action>ActivateWindow(Videos,"plugin://plugin.video.tvalacarta",return)</action>
	</shortcut>
	<shortcut>
		<defaultID>plugin.video.festa</defaultID>
		<label>FESTA</label>
		<label2>Complemento de Vídeo</label2>
		<icon>DefaultShortcut.png</icon>
		<thumb>image://%2fstorage%2femulated%2f0%2fAndroid%2fdata%2forg.xbmc.kodi%2ffiles%2f.kodi%2faddons%2fplugin.video.festa%2ficon.gif/</thumb>
		<action>ActivateWindow(Videos,"plugin://plugin.video.festa",return)</action>
	</shortcut>
	<shortcut>
		<defaultID>plugin.video.carnamaleon</defaultID>
		<label>CARNAVAL</label>
		<label2>Complemento de Vídeo</label2>
		<icon>DefaultShortcut.png</icon>
		<thumb>image://%2fstorage%2femulated%2f0%2fAndroid%2fdata%2forg.xbmc.kodi%2ffiles%2f.kodi%2faddons%2fplugin.video.carnamaleon%2ficon.png/</thumb>
		<action>ActivateWindow(Videos,"plugin://plugin.video.carnamaleon",return)</action>
	</shortcut>
	<shortcut>
		<defaultID>plugin.video.Manuart</defaultID>
		<label>MANUART</label>
		<label2>Complemento de Vídeo</label2>
		<icon>DefaultShortcut.png</icon>
		<thumb>image://%2fstorage%2femulated%2f0%2fAndroid%2fdata%2forg.xbmc.kodi%2ffiles%2f.kodi%2faddons%2fplugin.video.Manuart%2ficon.png/</thumb>
		<action>ActivateWindow(Videos,"plugin://plugin.video.Manuart",return)</action>
	</shortcut>
	<shortcut>
		<defaultID>plugin.video.sin.barreras</defaultID>
		<label>SIN BARRERAS</label>
		<label2>Complemento de Vídeo</label2>
		<icon>DefaultShortcut.png</icon>
		<thumb>image://%2fstorage%2femulated%2f0%2fAndroid%2fdata%2forg.xbmc.kodi%2ffiles%2f.kodi%2faddons%2fplugin.video.sin.barreras%2ficon.png/</thumb>
		<action>ActivateWindow(Videos,"plugin://plugin.video.sin.barreras",return)</action>
	</shortcut>
	<shortcut>
		<defaultID>plugin.video.aerobic</defaultID>
		<label>AEROBIC</label>
		<label2>Complemento de Vídeo</label2>
		<icon>DefaultShortcut.png</icon>
		<thumb>image://%2fstorage%2femulated%2f0%2fAndroid%2fdata%2forg.xbmc.kodi%2ffiles%2f.kodi%2faddons%2fplugin.video.aerobic%2ficon.png/</thumb>
		<action>ActivateWindow(Videos,"plugin://plugin.video.aerobic",return)</action>
	</shortcut>
</shortcuts>
