<?xml version='1.0' encoding='UTF-8'?>
<shortcuts>
	<shortcut>
		<defaultID>1037</defaultID>
		<label>1037</label>
		<label2 />
		<icon>DefaultShortcut.png</icon>
		<thumb>special://skin/extras/icons/film.png</thumb>
		<action>ActivateWindow(Videos,Addons,return)</action>
	</shortcut>
	<shortcut>
		<defaultID>1043</defaultID>
		<label>1043</label>
		<label2 />
		<icon>DefaultShortcut.png</icon>
		<thumb>special://skin/extras/icons/addons.png</thumb>
		<action>ActivateWindow(Programs,Addons,return)</action>
	</shortcut>
	<shortcut>
		<defaultID>settings</defaultID>
		<label>10004</label>
		<label2>Ítem de menú Común</label2>
		<icon>special://skin/extras/icons/settings.png</icon>
		<thumb />
		<action>ActivateWindow(Settings)</action>
	</shortcut>
	<shortcut>
		<defaultID>13005</defaultID>
		<label>13005</label>
		<label2>Comando de Kodi</label2>
		<icon>special://skin/extras/icons/power.png</icon>
		<thumb />
		<action>ShutDown</action>
	</shortcut>
	<shortcut>
		<defaultID>colordodgerblue-forzarcierredekodi-color</defaultID>
		<label>[COLOR dodgerblue]Forzar Cierre de Kodi[/COLOR]</label>
		<label2>Favorito</label2>
		<icon>special://skin/extras/icons/files.png</icon>
		<thumb>special://skin/extras/icons/power.png</thumb>
		<action>PlayMedia("plugin://plugin.program.temasjan/?mode=forceclose",return)</action>
	</shortcut>
</shortcuts>
