<?xml version='1.0' encoding='UTF-8'?>
<shortcuts>
	<shortcut>
		<defaultID>enprogreso</defaultID>
		<label>MIS SERIES EN PROGRESO</label>
		<label2>Ítem Personalizado</label2>
		<icon>special://skin/extras/icons/folder.png</icon>
		<thumb />
		<action>ActivateWindow(Videos,library://video/tvshows/inprogressshows.xml/,return)</action>
	</shortcut>
	<shortcut>
		<defaultID>titulos</defaultID>
		<label>MIS SERIES</label>
		<label2>Ítem Personalizado</label2>
		<icon>special://skin/extras/icons/folder.png</icon>
		<thumb />
		<action>ActivateWindow(Videos,library://video/tvshows/titles.xml/,return)</action>
	</shortcut>
</shortcuts>
