<?xml version='1.0' encoding='UTF-8'?>
<shortcuts>
	<shortcut>
		<defaultID>plugin.video.1x2</defaultID>
		<label>1x2</label>
		<label2>Complemento de Vídeo</label2>
		<icon>DefaultShortcut.png</icon>
		<thumb>special://skin/extras/icons/Sports.png</thumb>
		<action>ActivateWindow(Videos,"plugin://plugin.video.1x2",return)</action>
	</shortcut>
	<shortcut>
		<defaultID />
		<label>TV CHOPO</label>
		<label2>Complemento de Vídeo</label2>
		<icon>DefaultShortcut.png</icon>
		<thumb>special://skin/extras/icons/Sports.png</thumb>
		<action>ActivateWindow(Videos,"plugin://plugin.video.tvchopo/?url=https%3A%2F%2Fpastebin.com%2Fraw%2FcQ3F5LrH&amp;mode=1&amp;name=%5BB%5D%5BLOWERCASE%5D%5BCAPITALIZE%5D%5BCOLOR+white%5D+ZONA+DEPORTES+%5BCOLOR+orange%5D%5B%2FCOLOR%5D%5B%2FCAPITALIZE%5D%5B%2FLOWERCASE%5D%5B%2FB%5D&amp;fanart=https%3A%2F%2F3.bp.blogspot.com%2F-KKm_kbSVleI%2FW08IXF0SN6I%2FAAAAAAAAJQ0%2FthDXlurBbkIH2HYo4YCiKvj4iIjRZ5NWgCLcBGAs%2Fs1600%2Fpmenxfh.jpg",return)</action>
	</shortcut>
	<shortcut>
		<defaultID />
		<label>TV CRISTAL AZUL</label>
		<label2>Complemento de Vídeo</label2>
		<icon>DefaultShortcut.png</icon>
		<thumb>special://skin/extras/icons/Sports.png</thumb>
		<action>ActivateWindow(Videos,"plugin://plugin.video.cristalazul/?url=%24doregex%5Bcomecristal%5D&amp;mode=1&amp;name=%5BCOLOR+white%5DDEPORTES%5B%2FCOLOR%5D&amp;fanart=https%3A%2F%2Fi.imgur.com%2Fbg6n3AV.png&amp;regexs=%7Bu%27comecristal%27%3A%20%7B%27expres%27%3A%20u%27%23%24pyFunction%5Cndef%20GetLSProData%28page_data%2CCookie_Jar%2Cm%29%3A%5Cn%20%20import%20xbmc%5Cn%20%20import%20xbmcaddon%5Cn%20%20addon%20%3D%20xbmcaddon.Addon%28%5C%27plugin.video.cristalazul%5C%27%29%5Cn%20%20Url%20%3D%20%5C%27link%5B%3A%3A4%5D%20%2B%20url%5B%3A8%5D%20%2B%20Creditos%5B62%3A%5D%20%3D%20http%3A//bit.ly/sourcecristalazul%5C%27%5Cn%20%20grupotelegram%20%3D%20%5C%27http%3A//t.me/addonfestaycristal%5C%27%5Cn%20%20Creditos%20%3D%20%5C%27el_addon_cristalazul_fue_creado_por_el_grupo_festa_para_el_disfrute_en%20familia%2C%20este_addon_es_completamente_gratuito%2Cdisfrute_de_la_seccion_de_deportes%5C%27%5Cn%20%20cristal%20%3D%20%5C%27cristalazul_addon_para_todos_gratuita_creada_por_picapau_y_lourdes%5C%27%5Cn%20%20info%20%3D%20%5C%27british.true.Build.py%20%257/%5C%27%5Cn%20%20return%20%20grupotelegram%5B%3A7%5D%20%2B%20info%5B%3A%3A4%5D%20%2B%20cristal%5B%3A11%5D%20%2B%20Creditos%5B143%3A%5D%5Cndef%20revist_dag%28page_data%29%3A%5Cn%20%20%20final_url%20%3D%20%5C%27%5C%27%5Cn%20%20%20if%20%5C%27127.0.0.1%5C%27%20in%20page_data%3A%5Cn%20%20%20%20%20%20%20final_url%20%3D%20re_me%28page_data%2C%20%5C%27%26ver_t%3D%28%5B%5E%26%5D%2B%29%26%5C%27%29%20%2B%20%5C%27%20live%3Dtrue%20timeout%3D15%20playpath%3D%5C%27%20%2B%20re_me%28page_data%2C%20%5C%27%5C%5C%5C%5C%3Fy%3D%28%5Ba-zA-Z0-9-_%5C%5C%5C%5C.%40%5D%2B%29%5C%27%29%5Cn%20%5Cn%20%20%20if%20re_me%28page_data%2C%20%5C%27token%3D%28%5B%5E%26%5D%2B%29%26%5C%27%29%20%21%3D%20%5C%27%5C%27%3A%5Cn%20%20%20%20%20%20%20final_url%20%3D%20final_url%20%2B%20%5C%27%3Ftoken%3D%5C%27%20%2B%20re_me%28page_data%2C%20%5C%27token%3D%28%5B%5E%26%5D%2B%29%26%5C%27%29%5Cn%20%20%20elif%20re_me%28page_data%2C%20%5C%27wmsAuthSign%253D%28%5B%5E%25%26%5D%2B%29%5C%27%29%20%21%3D%20%5C%27%5C%27%3A%5Cn%20%20%20%20%20%20%20final_url%20%3D%20re_me%28page_data%2C%20%5C%27%26ver_t%3D%28%5B%5E%26%5D%2B%29%26%5C%27%29%20%2B%20%5C%27%3FwmsAuthSign%3D%5C%27%20%2B%20re_me%28page_data%2C%20%5C%27wmsAuthSign%253D%28%5B%5E%25%26%5D%2B%29%5C%27%29%20%2B%20%5C%27%3D%3D/mp4%3A%5C%27%20%2B%20re_me%28page_data%2C%20%5C%27%5C%5C%5C%5C%3Fy%3D%28%5B%5E%26%5D%2B%29%26%5C%27%29%5Cn%20%20%20else%3A%5Cn%20%20%20%20%20%20%20final_url%20%3D%20re_me%28page_data%2C%20%5C%27HREF%3D%22%28%5B%5E%22%5D%2B%29%22%5C%27%29%5Cn%20%5Cn%20%20%20if%20%5C%27dag1.asx%5C%27%20in%20final_url%3A%5Cn%20%20%20%20%20%20%20return%20get_dag_url%28final_url%29%5Cn%20%5Cn%20%20%20if%20%5C%27devinlivefs.fplive.net%5C%27%20not%20in%20final_url%3A%5Cn%20%20%20%20%20%20%20final_url%20%3D%20final_url.replace%28%5C%27devinlive%5C%27%2C%20%5C%27flive%5C%27%29%5Cn%20%20%20if%20%5C%27permlivefs.fplive.net%5C%27%20not%20in%20final_url%3A%5Cn%20%20%20%20%20%20%20final_url%20%3D%20final_url.replace%28%5C%27permlive%5C%27%2C%20%5C%27flive%5C%27%29%5Cn%20%20%20return%20%5C%27%5C%27%5Cn%27%2C%20%27name%27%3A%20u%27comecristal%27%2C%20%27page%27%3A%20None%7D%7D",return)</action>
	</shortcut>
	<shortcut>
		<defaultID />
		<label>TV KODISPAIN</label>
		<label2>Complemento de Vídeo</label2>
		<icon>DefaultShortcut.png</icon>
		<thumb>special://skin/extras/icons/Sports.png</thumb>
		<action>ActivateWindow(Videos,"plugin://plugin.video.kodispaintv/?url=http%3A%2F%2Fbit.ly%2FDEPORTES_MOD&amp;mode=1&amp;name=%5BCOLOR+red%5D%E2%80%A2+%5B%2FCOLOR%5D%5BCOLOR+white%5DDEPORTES%5B%2FCOLOR%5D&amp;fanart=https%3A%2F%2Fs18.postimg.cc%2Fag35dol6h%2Fkodispaintv_fanart.jpg",return)</action>
	</shortcut>
	<shortcut>
		<defaultID />
		<label>TV EVILSTREAM</label>
		<label2>Complemento de Vídeo</label2>
		<icon>DefaultShortcut.png</icon>
		<thumb>special://skin/extras/icons/Sports.png</thumb>
		<action>ActivateWindow(Videos,"plugin://plugin.video.evilstreams/?url=https%3A%2F%2Fpastebin.com%2Fraw%2FmaBeHeU4&amp;mode=1&amp;name=%5BCOLOR+green%5D%5BCOLOR++lime%5D%E2%80%A2++%5B%2FCOLOR%5D%5BB%5DDeportes%5B%2FB%5D%5B%2FCOLOR%5D&amp;fanart=https%3A%2F%2Fwww.mistercomparador.com%2Fnoticias%2Fwp-content%2Fuploads%2F2018%2F08%2Fmovistar-futbol-1.jpg",return)</action>
	</shortcut>
</shortcuts>
