<?xml version='1.0' encoding='UTF-8'?>
<shortcuts>
	<shortcut>
		<defaultID>31123</defaultID>
		<label>Peliculas</label>
		<label2>Hub 04</label2>
		<icon>special://skin/extras/icons/addon.png</icon>
		<thumb />
		<action>ActivateWindow(1104)</action>
	</shortcut>
	<shortcut>
		<defaultID>31123</defaultID>
		<label>Series</label>
		<label2>Hub 05</label2>
		<icon>special://skin/extras/icons/addon.png</icon>
		<thumb />
		<action>ActivateWindow(1105)</action>
	</shortcut>
	<shortcut>
		<defaultID />
		<label>Deportes</label>
		<label2>Ítem Personalizado</label2>
		<icon>DefaultShortcut.png</icon>
		<thumb />
		<action>ActivateWindow(1106)</action>
	</shortcut>
	<shortcut>
		<defaultID />
		<label>Peques~Anime</label>
		<label2>Ítem Personalizado</label2>
		<icon>DefaultShortcut.png</icon>
		<thumb />
		<action>ActivateWindow(1108)</action>
	</shortcut>
	<shortcut>
		<defaultID>31123</defaultID>
		<label>Television</label>
		<label2>Ítem Personalizado</label2>
		<icon>special://skin/extras/icons/addon.png</icon>
		<thumb />
		<action>ActivateWindow(1112)</action>
	</shortcut>
	<shortcut>
		<defaultID />
		<label>Documental</label>
		<label2>Ítem Personalizado</label2>
		<icon>DefaultShortcut.png</icon>
		<thumb />
		<action>ActivateWindow(1107)</action>
	</shortcut>
	<shortcut>
		<defaultID />
		<label>Musica</label>
		<label2>Ítem Personalizado</label2>
		<icon>DefaultShortcut.png</icon>
		<thumb>special://skin/extras/icons/</thumb>
		<action>ActivateWindow(1109)</action>
	</shortcut>
</shortcuts>
