<?xml version='1.0' encoding='UTF-8'?>
<shortcuts>
	<shortcut>
		<defaultID />
		<label>CHOPO MUSICA</label>
		<label2>Complemento de Vídeo</label2>
		<icon>DefaultShortcut.png</icon>
		<thumb>special://skin/extras/icons/music2_converted.png</thumb>
		<action>ActivateWindow(Videos,"plugin://plugin.video.tvchopo/?url=https%3A%2F%2Fpastebin.com%2Fraw%2Fxm1ac9fq&amp;mode=1&amp;name=%5BB%5D%5BLOWERCASE%5D%5BCAPITALIZE%5D%5BCOLOR+white%5D+ZONA+MUSICAL+%5B%2FCOLOR%5D%5B%2FCAPITALIZE%5D%5B%2FLOWERCASE%5D%5B%2FB%5D&amp;fanart=https%3A%2F%2F3.bp.blogspot.com%2F-KKm_kbSVleI%2FW08IXF0SN6I%2FAAAAAAAAJQ0%2FthDXlurBbkIH2HYo4YCiKvj4iIjRZ5NWgCLcBGAs%2Fs1600%2Fpmenxfh.jpg",return)</action>
	</shortcut>
	<shortcut>
		<defaultID />
		<label>PALANTIR MUSIC</label>
		<label2>Complemento de Vídeo</label2>
		<icon>DefaultShortcut.png</icon>
		<thumb>special://skin/extras/icons/music2_converted.png</thumb>
		<action>ActivateWindow(Videos,"plugin://plugin.video.palantir/?action=musica_menu",return)</action>
	</shortcut>
	<shortcut>
		<defaultID />
		<label>TV MUSICA KODISPAIN</label>
		<label2>Complemento de Vídeo</label2>
		<icon>DefaultShortcut.png</icon>
		<thumb>special://skin/extras/icons/music2_converted.png</thumb>
		<action>ActivateWindow(Videos,"plugin://plugin.video.kodispaintv/?url=http%3A%2F%2Fbit.ly%2FCANALES_MUSICALES_MOD&amp;mode=1&amp;name=%5BCOLOR+red%5D%E2%80%A2+%5B%2FCOLOR%5D%5BCOLOR+white%5DCANALES+MUSICALES%5B%2FCOLOR%5D&amp;fanart=https%3A%2F%2Fs18.postimg.cc%2Fag35dol6h%2Fkodispaintv_fanart.jpg",return)</action>
	</shortcut>
	<shortcut>
		<defaultID />
		<label>TV MUSIC EVILSTREAM</label>
		<label2>Complemento de Vídeo</label2>
		<icon>DefaultShortcut.png</icon>
		<thumb>special://skin/extras/icons/music2_converted.png</thumb>
		<action>ActivateWindow(Videos,"plugin://plugin.video.evilstreams/?url=https%3A%2F%2Fpastebin.com%2Fraw%2F28yycmwr&amp;mode=1&amp;name=%5BCOLOR+brown%5D%5BCOLOR++lime%5D%E2%80%A2++%5B%2FCOLOR%5D%5BB%5DM%C3%BAsica%5B%2FB%5D%5B%2FCOLOR%5D&amp;fanart=https%3A%2F%2Finfocielo.com%2Fuploads%2Fnoticias%2Fimagenes%2Fa%2F2018%2F11%2F20181122105502_.m%25C3%25BAsica.jpg",return)</action>
	</shortcut>
	<shortcut>
		<defaultID />
		<label>LISTAS DE LOS 80</label>
		<label2>Complemento de Vídeo</label2>
		<icon>DefaultShortcut.png</icon>
		<thumb>special://skin/extras/icons/music2_converted.png</thumb>
		<action>ActivateWindow(Videos,"plugin://plugin.video.youtube/kodion/search/query/?q=hit+80&amp;search_type=playlist",return)</action>
	</shortcut>
</shortcuts>
