<?xml version='1.0' encoding='UTF-8'?>
<shortcuts>
	<shortcut>
		<defaultID>colorwhite-18-0-fix-v10-0-color</defaultID>
		<label>[COLORorange]Sin widgets[/COLOR]</label>
		<label2>Ítem Personalizado</label2>
		<icon>special://skin/extras/icons/files.png</icon>
		<thumb>special://skin/extras/icons/1-click.png</thumb>
		<action>ActivateWindow(10001,"plugin://plugin.program.temasjan/?mode=viewbuild&amp;name=sin%20widgets",return)</action>
	</shortcut>
	<shortcut>
		<defaultID>colorwhite-18-0-fix1-v10-0-color</defaultID>
		<label>[COLORorange]con widgets[/COLOR]</label>
		<label2>Ítem Personalizado</label2>
		<icon>special://skin/extras/icons/files.png</icon>
		<thumb>special://skin/extras/icons/1-click.png</thumb>
		<action>ActivateWindow(10001,"plugin://plugin.program.temasjan/?mode=viewbuild&amp;name=con%20widgets",return)</action>
	</shortcut>
</shortcuts>
