<?xml version='1.0' encoding='UTF-8'?>
<shortcuts>
	<shortcut>
		<defaultID>plugin.video.Magyck</defaultID>
		<label>[B][COLOR greenyellow]Magyck[/COLOR][/B]</label>
		<label2>Complemento de Vídeo</label2>
		<icon>DefaultShortcut.png</icon>
		<thumb>special://skin/extras/icons/addons.png</thumb>
		<action>ActivateWindow(Videos,"plugin://plugin.video.Magyck",return)</action>
	</shortcut>
	<shortcut>
		<defaultID>plugin.video.cocina</defaultID>
		<label>Cocina</label>
		<label2>Complemento de Vídeo</label2>
		<icon>DefaultShortcut.png</icon>
		<thumb>special://skin/extras/icons/addons.png</thumb>
		<action>ActivateWindow(Videos,"plugin://plugin.video.cocina",return)</action>
	</shortcut>
	<shortcut>
		<defaultID>plugin.video.IberiKa</defaultID>
		<label>IberiKa</label>
		<label2>Complemento de Vídeo</label2>
		<icon>DefaultShortcut.png</icon>
		<thumb>special://skin/extras/icons/addons.png</thumb>
		<action>ActivateWindow(Videos,"plugin://plugin.video.IberiKa",return)</action>
	</shortcut>
	<shortcut>
		<defaultID>plugin.video.magufo</defaultID>
		<label>Magufo</label>
		<label2>Complemento de Vídeo</label2>
		<icon>DefaultShortcut.png</icon>
		<thumb>special://skin/extras/icons/addons.png</thumb>
		<action>ActivateWindow(Videos,"plugin://plugin.video.magufo",return)</action>
	</shortcut>
	<shortcut>
		<defaultID>plugin.video.mediaexplorer</defaultID>
		<label>MediaExplorer</label>
		<label2>Complemento de Vídeo</label2>
		<icon>DefaultShortcut.png</icon>
		<thumb>special://skin/extras/icons/addons.png</thumb>
		<action>ActivateWindow(Videos,"plugin://plugin.video.mediaexplorer",return)</action>
	</shortcut>
	<shortcut>
		<defaultID>plugin.video.musicando</defaultID>
		<label>Musicando</label>
		<label2>Complemento de Vídeo</label2>
		<icon>DefaultShortcut.png</icon>
		<thumb>special://skin/extras/icons/addons.png</thumb>
		<action>ActivateWindow(Videos,"plugin://plugin.video.musicando",return)</action>
	</shortcut>
	<shortcut>
		<defaultID>plugin.video.nbaondemand</defaultID>
		<label>NBA On-demand</label>
		<label2>Complemento de Vídeo</label2>
		<icon>DefaultShortcut.png</icon>
		<thumb>special://skin/extras/icons/addons.png</thumb>
		<action>ActivateWindow(Videos,"plugin://plugin.video.nbaondemand",return)</action>
	</shortcut>
	<shortcut>
		<defaultID>plugin.video.now_music</defaultID>
		<label>Now Thats What I Call Music</label>
		<label2>Complemento de Vídeo</label2>
		<icon>DefaultShortcut.png</icon>
		<thumb>special://skin/extras/icons/addons.png</thumb>
		<action>ActivateWindow(Videos,"plugin://plugin.video.now_music",return)</action>
	</shortcut>
	<shortcut>
		<defaultID>plugin.video.redbull.tv</defaultID>
		<label>Red Bull TV</label>
		<label2>Complemento de Vídeo</label2>
		<icon>DefaultShortcut.png</icon>
		<thumb>special://skin/extras/icons/addons.png</thumb>
		<action>ActivateWindow(Videos,"plugin://plugin.video.redbull.tv",return)</action>
	</shortcut>
	<shortcut>
		<defaultID>plugin.video.plexus-streams</defaultID>
		<label>Plexus-Streams</label>
		<label2>Complemento de Vídeo</label2>
		<icon>DefaultShortcut.png</icon>
		<thumb>special://skin/extras/icons/addons.png</thumb>
		<action>ActivateWindow(Videos,"plugin://plugin.video.plexus-streams",return)</action>
	</shortcut>
	<shortcut>
		<defaultID>plugin.video.SportsDevil</defaultID>
		<label>SportsDevil</label>
		<label2>Complemento de Vídeo</label2>
		<icon>DefaultShortcut.png</icon>
		<thumb>special://skin/extras/icons/addons.png</thumb>
		<action>ActivateWindow(Videos,"plugin://plugin.video.SportsDevil",return)</action>
	</shortcut>
	<shortcut>
		<defaultID>plugin.video.YouMusic</defaultID>
		<label>YouMusic</label>
		<label2>Complemento de Vídeo</label2>
		<icon>DefaultShortcut.png</icon>
		<thumb>special://skin/extras/icons/addons.png</thumb>
		<action>ActivateWindow(Videos,"plugin://plugin.video.YouMusic",return)</action>
	</shortcut>
	<shortcut>
		<defaultID>plugin.video.spotitube</defaultID>
		<label>Youtube Music</label>
		<label2>Complemento de Vídeo</label2>
		<icon>DefaultShortcut.png</icon>
		<thumb>special://skin/extras/icons/addons.png</thumb>
		<action>ActivateWindow(Videos,"plugin://plugin.video.spotitube",return)</action>
	</shortcut>
	<shortcut>
		<defaultID>plugin.video.music</defaultID>
		<label>[B]MUSIC[/B]</label>
		<label2>Complemento de Vídeo</label2>
		<icon>DefaultShortcut.png</icon>
		<thumb>special://skin/extras/icons/addons.png</thumb>
		<action>ActivateWindow(Videos,"plugin://plugin.video.music",return)</action>
	</shortcut>
	<shortcut>
		<defaultID>plugin.video.sportsextreme</defaultID>
		<label>[B][COLOR red]SPORTS [COLOR yellow]EXTREME[/B][/COLOR]</label>
		<label2>Complemento de Vídeo</label2>
		<icon>DefaultShortcut.png</icon>
		<thumb>special://skin/extras/icons/addons.png</thumb>
		<action>ActivateWindow(Videos,"plugin://plugin.video.sportsextreme",return)</action>
	</shortcut>
	<shortcut>
		<defaultID>plugin.video.YouKids</defaultID>
		<label>[B][LOWERCASE][CAPITALIZE][COLOR white]YOU[COLOR red]KIDS[/CAPITALIZE][/LOWERCASE][/B][/COLOR]</label>
		<label2>Complemento de Vídeo</label2>
		<icon>DefaultShortcut.png</icon>
		<thumb>special://skin/extras/icons/addons.png</thumb>
		<action>ActivateWindow(Videos,"plugin://plugin.video.YouKids",return)</action>
	</shortcut>
	<shortcut>
		<defaultID>plugin.video.festa</defaultID>
		<label>[COLOR aqua]*[/COLOR][COLOR lime]FESTA[/COLOR][COLOR aqua]*[/COLOR]</label>
		<label2>Complemento de Vídeo</label2>
		<icon>DefaultShortcut.png</icon>
		<thumb>special://skin/extras/icons/addons.png</thumb>
		<action>ActivateWindow(Videos,"plugin://plugin.video.festa",return)</action>
	</shortcut>
	<shortcut>
		<defaultID>plugin.video.Manuart</defaultID>
		<label>[COLOR coral]MANUART[/COLOR]</label>
		<label2>Complemento de Vídeo</label2>
		<icon>DefaultShortcut.png</icon>
		<thumb>special://skin/extras/icons/addons.png</thumb>
		<action>ActivateWindow(Videos,"plugin://plugin.video.Manuart",return)</action>
	</shortcut>
	<shortcut>
		<defaultID>plugin.video.mundoinfantil</defaultID>
		<label>[COLOR cornflowerblue]Mundo Infantil[/COLOR]</label>
		<label2>Complemento de Vídeo</label2>
		<icon>DefaultShortcut.png</icon>
		<thumb>special://skin/extras/icons/addons.png</thumb>
		<action>ActivateWindow(Videos,"plugin://plugin.video.mundoinfantil",return)</action>
	</shortcut>
	<shortcut>
		<defaultID>plugin.video.Real.stream</defaultID>
		<label>[COLOR fuchsia]Real Stream[/COLOR]</label>
		<label2>Complemento de Vídeo</label2>
		<icon>DefaultShortcut.png</icon>
		<thumb>special://skin/extras/icons/addons.png</thumb>
		<action>ActivateWindow(Videos,"plugin://plugin.video.Real.stream",return)</action>
	</shortcut>
	<shortcut>
		<defaultID>plugin.video.carnamaleon</defaultID>
		<label>[COLOR gold]Carna[/COLOR][COLOR blue]maleon[/COLOR]</label>
		<label2>Complemento de Vídeo</label2>
		<icon>DefaultShortcut.png</icon>
		<thumb>special://skin/extras/icons/addons.png</thumb>
		<action>ActivateWindow(Videos,"plugin://plugin.video.carnamaleon",return)</action>
	</shortcut>
	<shortcut>
		<defaultID>plugin.video.pequelandia</defaultID>
		<label>[COLOR gold]PEQUELANDIA[/COLOR]</label>
		<label2>Complemento de Vídeo</label2>
		<icon>DefaultShortcut.png</icon>
		<thumb>special://skin/extras/icons/addons.png</thumb>
		<action>ActivateWindow(Videos,"plugin://plugin.video.pequelandia",return)</action>
	</shortcut>
	<shortcut>
		<defaultID>plugin.video.dance</defaultID>
		<label>[COLOR lightblue]Dance Music[/COLOR]</label>
		<label2>Complemento de Vídeo</label2>
		<icon>DefaultShortcut.png</icon>
		<thumb>special://skin/extras/icons/addons.png</thumb>
		<action>ActivateWindow(Videos,"plugin://plugin.video.dance",return)</action>
	</shortcut>
	<shortcut>
		<defaultID>plugin.video.alma</defaultID>
		<label>[COLOR lime]Alma[/COLOR][COLOR blue] relax [/COLOR][COLOR blue]2.0[/COLOR]</label>
		<label2>Complemento de Vídeo</label2>
		<icon>DefaultShortcut.png</icon>
		<thumb>special://skin/extras/icons/addons.png</thumb>
		<action>ActivateWindow(Videos,"plugin://plugin.video.alma",return)</action>
	</shortcut>
	<shortcut>
		<defaultID>plugin.video.ovni</defaultID>
		<label>[COLOR lime][B]O.V.N.I  2.0[/B][/COLOR]</label>
		<label2>Complemento de Vídeo</label2>
		<icon>DefaultShortcut.png</icon>
		<thumb>special://skin/extras/icons/addons.png</thumb>
		<action>ActivateWindow(Videos,"plugin://plugin.video.ovni",return)</action>
	</shortcut>
	<shortcut>
		<defaultID>plugin.video.sin.barreras</defaultID>
		<label>[COLOR orange]SIN BARRERAS[/COLOR]</label>
		<label2>Complemento de Vídeo</label2>
		<icon>DefaultShortcut.png</icon>
		<thumb>special://skin/extras/icons/addons.png</thumb>
		<action>ActivateWindow(Videos,"plugin://plugin.video.sin.barreras",return)</action>
	</shortcut>
	<shortcut>
		<defaultID>plugin.video.aerobic</defaultID>
		<label>[COLOR pink]Aerobic[/COLOR]</label>
		<label2>Complemento de Vídeo</label2>
		<icon>DefaultShortcut.png</icon>
		<thumb>special://skin/extras/icons/addons.png</thumb>
		<action>ActivateWindow(Videos,"plugin://plugin.video.aerobic",return)</action>
	</shortcut>
	<shortcut>
		<defaultID>plugin.video.MyHR</defaultID>
		<label>[COLOR red]Metal y Hard Rock[/COLOR]</label>
		<label2>Complemento de Vídeo</label2>
		<icon>DefaultShortcut.png</icon>
		<thumb>special://skin/extras/icons/addons.png</thumb>
		<action>ActivateWindow(Videos,"plugin://plugin.video.MyHR",return)</action>
	</shortcut>
	<shortcut>
		<defaultID>plugin.video.MundoOscuro</defaultID>
		<label>[COLOR red][B]Mundo Oscuro[/B][/COLOR]</label>
		<label2>Complemento de Vídeo</label2>
		<icon>DefaultShortcut.png</icon>
		<thumb>special://skin/extras/icons/addons.png</thumb>
		<action>ActivateWindow(Videos,"plugin://plugin.video.MundoOscuro",return)</action>
	</shortcut>
	<shortcut>
		<defaultID>plugin.video.Tesla</defaultID>
		<label>[COLOR white][B]T E S L A[/B][/COLOR]</label>
		<label2>Complemento de Vídeo</label2>
		<icon>DefaultShortcut.png</icon>
		<thumb>special://skin/extras/icons/addons.png</thumb>
		<action>ActivateWindow(Videos,"plugin://plugin.video.Tesla",return)</action>
	</shortcut>
	<shortcut>
		<defaultID>plugin.video.live.magellan</defaultID>
		<label>[COLOR yellow]Magellan[/COLOR]</label>
		<label2>Complemento de Vídeo</label2>
		<icon>DefaultShortcut.png</icon>
		<thumb>special://skin/extras/icons/addons.png</thumb>
		<action>ActivateWindow(Videos,"plugin://plugin.video.live.magellan",return)</action>
	</shortcut>
	<shortcut>
		<defaultID>plugin.video.tvalacarta</defaultID>
		<label>tvalacarta</label>
		<label2>Complemento de Vídeo</label2>
		<icon>DefaultShortcut.png</icon>
		<thumb>special://skin/extras/icons/addons.png</thumb>
		<action>ActivateWindow(Videos,"plugin://plugin.video.tvalacarta",return)</action>
	</shortcut>
</shortcuts>
