<?xml version='1.0' encoding='UTF-8'?>
<shortcuts>
	<shortcut>
		<defaultID>colorcoral-cambiartemas-color</defaultID>
		<label>[COLOR coral]Cambiar Temas[/COLOR]</label>
		<label2>Ítem Personalizado</label2>
		<icon>special://skin/extras/icons/files.png</icon>
		<thumb>special://skin/extras/icons/1-click.png</thumb>
		<action>ActivateWindow(Programs,"plugin://plugin.program.temasjan/?mode=builds",return)</action>
	</shortcut>
	<shortcut>
		<defaultID>coloraqua-borrarimagenesantiguas-color</defaultID>
		<label>[COLOR aqua]borrar imagenes antiguas[/COLOR]</label>
		<label2>Favorito</label2>
		<icon>special://skin/extras/icons/files.png</icon>
		<thumb>special://skin/extras/icons/1-click.png</thumb>
		<action>ActivateWindow(10001,"plugin://plugin.program.super.favourites/?label=[COLOR aqua]borrar imagenes antiguas[/COLOR]&amp;mode=400&amp;path=special%3A%2F%2Fprofile%2Faddon_data%2Fplugin.program.super.favourites%2FSuper%20Favourites%5Cborrar%20imagenes%20antiguas&amp;sf_options=fanart%3Dspecial%3A%2F%2Fhome%2Faddons%5Cplugin.program.temasjan%5Cfanart.jpg%26_options_sf",return)</action>
	</shortcut>
</shortcuts>
