{
    "access_manager": {
        "current_user": "0", 
        "developers": {}, 
        "last_origin": "plugin.video.youtube", 
        "users": {
            "0": {
                "access_token": "", 
                "id": "d6a47fa401af43f1823a65a2e63e2c09", 
                "last_key_hash": "a9289dac240dccdf49d0c580f2fd63d5", 
                "name": "Default", 
                "refresh_token": "", 
                "token_expires": -1, 
                "watch_history": "HL", 
                "watch_later": " WL"
            }
        }
    }
}