{
  "active": true,
  "changes": [
    {
      "date": "07/03/2019",
      "description": "Añadidos enlaces originales en Google Drive"
    },
    {
      "date": "15/02/2019",
      "description": "Añadidos enlaces Google Cloud Storage"
    },
    {
      "date": "29/01/2018",
      "description": "Primera version"
    }
  ],
  "find_videos": {
    "ignore_urls": [],
    "patterns": [
      {
        "pattern": "https://drive.google.com/(?:file/d/|uc\\?id=)([^/&]+)",
        "url": "https://drive.google.com/uc?export=download&id=\\1"
      },
      {
        "pattern": "(https?://(?:storage\\.googleapis\\.com|storage\\.cloud\\.google.com|.*?\\.storage.googleapis.com)/[^\\$]+)",
        "url": "\\1"
      }
    ]
  },
  "free": true,
  "id": "googledrive",
  "ids": [
        "googleapis"
    ],
  "name": "GoogleDrive",
  "settings": [],
  "version": 3
}
