{
    "AUTOPLAY": {
        "AUTOPLAY": {}, 
        "newpct1": {
            "quality": [
                "default"
            ], 
            "servers": [
                "torrent"
            ], 
            "settings": {
                "active": false, 
                "custom_quality": false, 
                "custom_servers": false, 
                "plan_b": true, 
                "priority": 0, 
                "quality_1": 0, 
                "quality_2": 0, 
                "quality_3": 0, 
                "server_1": 0, 
                "server_2": 0, 
                "server_3": 0
            }
        }
    }
}