{
    "settings": {
        "clonenewpct1_channel_default": 0, 
        "clonenewpct1_channels_list": "('1', 'descargas2020', 'https://descargas2020.org/', 'movie, tvshow, season, episode', ''), ('0', 'tumejortorrent', 'https://tumejortorrent.site/', 'movie, tvshow, season, episode', ''), ('0', 'torrentrapid', 'https://torrentrapid.site/', 'movie, tvshow, season, episode', 'serie_episodios'), ('0', 'pctnew', 'https://pctnew.site/', 'movie, tvshow, season, episode', ''), ('1', 'planetatorrent', 'http://planetatorrent.com/', 'movie, tvshow, season, episode', ''), ('1', 'tvsinpagar', 'http://www.tvsinpagar.com/', 'tvshow, season, episode', ''), ('1', 'torrentlocura', 'http://torrentlocura.com/', 'movie, tvshow, season, episode', ''), ('1', 'mispelisyseries', 'http://mispelisyseries.com/', 'movie', 'search, listado_busqueda')", 
        "clonenewpct1_excluir1_enlaces_descargas": 0, 
        "clonenewpct1_excluir1_enlaces_veronline": 22, 
        "clonenewpct1_excluir2_enlaces_descargas": 0, 
        "clonenewpct1_excluir2_enlaces_veronline": 12, 
        "clonenewpct1_excluir3_enlaces_descargas": 0, 
        "clonenewpct1_excluir3_enlaces_veronline": 20, 
        "clonenewpct1_excluir4_enlaces_descargas": 0, 
        "clonenewpct1_excluir4_enlaces_veronline": 0, 
        "clonenewpct1_excluir5_enlaces_descargas": 0, 
        "clonenewpct1_excluir5_enlaces_veronline": 0, 
        "clonenewpct1_rango_fechas_novedades": 2, 
        "clonenewpct1_serie_episodio_novedades": 1, 
        "clonenewpct1_timeout_downloadpage": 5, 
        "clonenewpct1_ver_enlaces_descargas": 0, 
        "clonenewpct1_ver_enlaces_veronline": 1, 
        "clonenewpct1_verificar_enlaces_descargas": 1, 
        "clonenewpct1_verificar_enlaces_descargas_validos": true, 
        "clonenewpct1_verificar_enlaces_veronline": 1, 
        "clonenewpct1_verificar_enlaces_veronline_validos": true, 
        "emergency_urls": 1, 
        "emergency_urls_torrents": true, 
        "filter_languages": 0, 
        "include_in_global_search": true, 
        "include_in_newest_4k": true, 
        "include_in_newest_anime": true, 
        "include_in_newest_documentales": true, 
        "include_in_newest_latino": true, 
        "include_in_newest_peliculas": true, 
        "include_in_newest_series": true, 
        "intervenidos_channels_list": "('0', 'canal_org', 'canal_des', 'url_org', 'url_des', 'patron1', 'patron2', 'patron3', 'patron4', 'patron5', 'content_inc', 'content_exc', 'ow_force'), ('0', 'canal_org', 'canal_des', 'url_org', 'url_des', 'patron1', 'patron2', 'patron3', 'patron4', 'patron5', 'content_inc', 'content_exc', 'ow_force'), ('1', 'descargas2020', 'descargas2020', 'descargas2020.com', 'https://descargas2020.org', '', '', '', '', '', '*', '', 'no'), ('1', 'tumejortorrent', 'tumejortorrent', 'tumejortorrent.com', 'https://tumejortorrent.site', '', '', '', '', '', '*', '', 'no'), ('1', 'torrentrapid', 'torrentrapid', 'torrentrapid.com', 'https://torrentrapid.site', '', '', '', '', '', '*', '', 'no'), ('1', 'pctnew', 'pctnew', 'pctnew.com', 'https://pctnew.site', '', '', '', '', '', '*', '', 'no'), ('1', 'seriespapaya', 'seriespapaya', 'seriespapaya.com', 'seriespapaya.net', '', '', '', '', '', '*', '', 'no'), ('1', 'pepecine', 'pepecine', 'pepecine.me', 'pepecine.tv', '', '', '', '', '', '*', '', 'no')", 
        "modo_grafico": true, 
        "seleccionar_ult_temporadda_activa": true
    }
}