<?xml version="1.0" encoding="UTF-8" standalone="yes"?>
<addon id="repository.IberiKa" name="IberiKa" version="0.0.2" provider-name="Iberikos">
    <extension point="xbmc.addon.repository" name="IberiKa">
        <info>https://raw.githubusercontent.com/iberikakodi/repo/master/Iberikakodi/addons.xml</info>
        <checksum>https://raw.githubusercontent.com/iberikakodi/repo/master/Iberikakodi/addons.xml.md5</checksum>
        <datadir zip="true">https://raw.githubusercontent.com/iberikakodi/repo/master/Iberikakodi/</datadir>
    </extension>
    <extension point="xbmc.addon.metadata">
        <summary>Repositorio de IberiKa</summary>
        <description></description>
        <disclaimer></disclaimer>
        <platform>all</platform>
    </extension>
</addon>
