<?xml version="1.0" encoding="UTF-8" standalone="yes"?>
<addon id="repository.Jota-C" name="[COLOR yellow]Jota-C Repo[/COLOR]" version="1.0.1" provider-name="Jota-C">
    <extension point="xbmc.addon.repository" name="Repositorio Jota">
        <info>https://raw.githubusercontent.com/Jota-C/Repo/master/Repositorio/addons.xml</info>
        <checksum>https://raw.githubusercontent.com/Jota-C/Repo/master/Repositorio/addons.xml.md5</checksum>
        <datadir zip="true">https://raw.githubusercontent.com/Jota-C/Repo/master/Repositorio/</datadir>
    </extension>
    <extension point="xbmc.addon.metadata">
        <summary>Repositorio para Mi</summary>
        <description></description>
        <disclaimer></disclaimer>
        <platform>all</platform>
    </extension>
</addon>
