<?xml version="1.0" encoding="UTF-8"?>
<window type="buttonMenu">
	<defaultcontrol>9002</defaultcontrol>
	<include>dialogeffect</include>
	<coordinates>
		<left>0</left>
		<top>0</top>
	</coordinates>
	<controls>
		<control type="image">
			<left>0</left>
			<top>0</top>
			<width>1280</width>
			<height>720</height>
			<texture>black-back.png</texture>
		</control>
		<control type="group">
			<left>470</left>
			<top>170</top>
			<width>340</width>
			<height>380</height>
			<onleft>9000</onleft>
			<onright>9000</onright>
			<onup>9000</onup>
			<ondown>9000</ondown>
			<itemgap>0</itemgap>
			<align>center</align>
			<animation effect="slide" start="0,0" end="0,20" time="0" condition="!Integer.IsGreater(Container(9002).NumItems,1)">Conditional</animation>
			<animation effect="slide" start="0,0" end="0,20" time="0" condition="!Integer.IsGreater(Container(9002).NumItems,2)">Conditional</animation>
			<animation effect="slide" start="0,0" end="0,20" time="0" condition="!Integer.IsGreater(Container(9002).NumItems,3)">Conditional</animation>
			<animation effect="slide" start="0,0" end="0,20" time="0" condition="!Integer.IsGreater(Container(9002).NumItems,4)">Conditional</animation>
			<animation effect="slide" start="0,0" end="0,20" time="0" condition="!Integer.IsGreater(Container(9002).NumItems,5)">Conditional</animation>
			<animation effect="slide" start="0,0" end="0,20" time="0" condition="!Integer.IsGreater(Container(9002).NumItems,6)">Conditional</animation>
			<animation effect="slide" start="0,0" end="0,20" time="0" condition="!Integer.IsGreater(Container(9002).NumItems,7)">Conditional</animation>
			<control type="group" id="1">
				<top>0</top>
				<width>340</width>
				<height>30</height>
				<control type="image">
					<description>background top image</description>
					<left>0</left>
					<top>0</top>
					<width>340</width>
					<height>30</height>
					<texture border="20,19,20,0">DialogContextTop.png</texture>
				</control>
				<control type="button" id="20">
					<description>Close Window button</description>
					<left>260</left>
					<top>5</top>
					<width>64</width>
					<height>32</height>
					<label>-</label>
					<font>-</font>
					<onclick>PreviousMenu</onclick>
					<texturefocus>DialogCloseButton-focus.png</texturefocus>
					<texturenofocus>DialogCloseButton.png</texturenofocus>
					<onleft>9002</onleft>
					<onright>9002</onright>
					<onup>9002</onup>
					<ondown>9002</ondown>
					<visible>system.getbool(input.enablemouse)</visible>
				</control>
			</control>
			<control type="list" id="9002">
				<top>30</top>
				<width>340</width>
				<height>320</height>
				<onleft>20</onleft>
				<onright>20</onright>
				<onup>9002</onup>
				<ondown>9002</ondown>
				<itemlayout height="40">
					<control type="image">
						<left>0</left>
						<top>0</top>
						<width>340</width>
						<height>40</height>
						<texture border="25,5,25,5">ShutdownButtonNoFocus.png</texture>
					</control>
					<control type="label">
						<left>20</left>
						<top>0</top>
						<width>300</width>
						<height>40</height>
						<align>center</align>
						<aligny>center</aligny>
						<textcolor>grey</textcolor>
						<label>$INFO[ListItem.Label]</label>
					</control>
				</itemlayout>
				<focusedlayout height="40">
					<control type="image">
						<left>0</left>
						<top>0</top>
						<width>340</width>
						<height>40</height>
						<texture border="25,5,25,5">ShutdownButtonNoFocus.png</texture>
					</control>
					<control type="image">
						<left>0</left>
						<top>0</top>
						<width>340</width>
						<height>40</height>
						<texture border="25,5,25,5">ShutdownButtonFocus.png</texture>
						<visible>Control.HasFocus(9002)</visible>
					</control>
					<control type="label">
						<left>20</left>
						<top>0</top>
						<width>300</width>
						<height>40</height>
						<align>center</align>
						<aligny>center</aligny>
						<scroll>yes</scroll>
						<label>$INFO[ListItem.Label]</label>
					</control>
				</focusedlayout>
				<content>
					<item id="100">
						<property name="id">$NUMBER[100]</property>
						<label>$LOCALIZE[31329] [B]$INFO[System.Alarmpos][/B]</label>
						<label2>$LOCALIZE[84220]</label2>
						<icon>DefaultFolder.png</icon>
						<thumb />
						<property name="labelID">13012</property>
						<property name="defaultID">13012</property>
						<visible>System.HasAlarm(shutdowntimer)</visible>
						<onclick>noop</onclick>
						<property name="path"></property>
						<property name="list"></property>
						<property name="group">powermenu</property>
						<property name="isSubmenu">True</property>
					</item>
					<include>skinshortcuts-group-powermenu</include>
				</content>
			</control>
			<control type="image">
				<description>background bottom image</description>
				<top>70</top>
				<width>340</width>
				<height>25</height>
				<texture border="20,0,19,20">DialogContextBottom.png</texture>
				<visible>Integer.IsGreater(Container(9002).NumItems,0) + !Integer.IsGreater(Container(9002).NumItems,1)</visible>
			</control>
			<control type="image">
				<description>background bottom image</description>
				<top>110</top>
				<width>340</width>
				<height>25</height>
				<texture border="20,0,19,20">DialogContextBottom.png</texture>
				<visible>Integer.IsGreater(Container(9002).NumItems,1) + !Integer.IsGreater(Container(9002).NumItems,2)</visible>
			</control>
			<control type="image">
				<description>background bottom image</description>
				<top>150</top>
				<width>340</width>
				<height>25</height>
				<texture border="20,0,19,20">DialogContextBottom.png</texture>
				<visible>Integer.IsGreater(Container(9002).NumItems,2) + !Integer.IsGreater(Container(9002).NumItems,3)</visible>
			</control>
			<control type="image">
				<description>background bottom image</description>
				<top>190</top>
				<width>340</width>
				<height>25</height>
				<texture border="20,0,19,20">DialogContextBottom.png</texture>
				<visible>Integer.IsGreater(Container(9002).NumItems,3) + !Integer.IsGreater(Container(9002).NumItems,4)</visible>
			</control>
			<control type="image">
				<description>background bottom image</description>
				<top>230</top>
				<width>340</width>
				<height>25</height>
				<texture border="20,0,19,20">DialogContextBottom.png</texture>
				<visible>Integer.IsGreater(Container(9002).NumItems,4) + !Integer.IsGreater(Container(9002).NumItems,5)</visible>
			</control>
			<control type="image">
				<description>background bottom image</description>
				<top>270</top>
				<width>340</width>
				<height>25</height>
				<texture border="20,0,19,20">DialogContextBottom.png</texture>
				<visible>Integer.IsGreater(Container(9002).NumItems,5) + !Integer.IsGreater(Container(9002).NumItems,6)</visible>
			</control>
			<control type="image">
				<description>background bottom image</description>
				<top>310</top>
				<width>340</width>
				<height>25</height>
				<texture border="20,0,19,20">DialogContextBottom.png</texture>
				<visible>Integer.IsGreater(Container(9002).NumItems,6) + !Integer.IsGreater(Container(9002).NumItems,7)</visible>
			</control>
			<control type="image">
				<description>background bottom image</description>
				<top>350</top>
				<width>340</width>
				<height>25</height>
				<texture border="20,0,19,20">DialogContextBottom.png</texture>
				<visible>Integer.IsGreater(Container(9002).NumItems,7)</visible>
			</control>
		</control>
	</controls>
</window>
