<?xml version="1.0" encoding="UTF-8" standalone="yes"?>
<addon
	id="plugin.video.arenavisionezy"
	name="ArenaVision EZY (MOD)"
	version="5.3.9"
	provider-name="Wazzu (MOD by Teco)">
	<requires>
		<import addon="xbmc.python" version="2.1.0"/>
		<import addon="program.plexus" />
	</requires>
	<extension point="xbmc.python.pluginsource" library="addon.py">
		<provides>video</provides>
	</extension>
	<extension point="xbmc.addon.metadata">
		<summary>ArenaVision EZY</summary>
		<description>Esto no es un proyecyo paralelo, simplemente es una modificacion para Kodi 16</description>
		<platform>all</platform>
		<license/>
		<forum/>
		<website/>
		<email>egrueda@gmail.com</email>
		<source/>
	</extension>
	<extension point="xbmc.addon.repository" name="ArenaVision EZY">
		<info compressed="false">https://raw.githubusercontent.com/egrueda/kodi-repo/master/addons.xml</info>
		<checksum>https://raw.githubusercontent.com/egrueda/kodi-repo/master/addons.xml.md5</checksum>
		<datadir zip="true">https://raw.githubusercontent.com/egrueda/kodi-repo/master/zip/</datadir>
	</extension>
</addon>
