<?xml version='1.0' encoding='UTF-8'?>
<shortcuts>
	<shortcut>
		<defaultID />
		<label>Películas</label>
		<label2>Complemento de Vídeo</label2>
		<icon>DefaultShortcut.png</icon>
		<thumb>image://%2fstorage%2femulated%2f0%2fAndroid%2fdata%2forg.xbmc.kodi%2ffiles%2f.kodi%2faddons%2fplugin.video.palantir%2fresources%2fmedia%2f%2fmenu_peli.png/</thumb>
		<action>ActivateWindow(Videos,"plugin://plugin.video.palantir/?action=pelis_menu",return)</action>
	</shortcut>
	<shortcut>
		<defaultID />
		<label>Series</label>
		<label2>Complemento de Vídeo</label2>
		<icon>DefaultShortcut.png</icon>
		<thumb>image://%2fstorage%2femulated%2f0%2fAndroid%2fdata%2forg.xbmc.kodi%2ffiles%2f.kodi%2faddons%2fplugin.video.palantir%2fresources%2fmedia%2f%2fmenu_serie.png/</thumb>
		<action>ActivateWindow(Videos,"plugin://plugin.video.palantir/?action=series_menu",return)</action>
	</shortcut>
	<shortcut>
		<defaultID />
		<label>4K y Torrent</label>
		<label2>Complemento de Vídeo</label2>
		<icon>DefaultShortcut.png</icon>
		<thumb>image://https%3a%2f%2fi.imgur.com%2fT3uUMgj.png/</thumb>
		<action>ActivateWindow(Videos,"plugin://plugin.video.palantir/?action=saga_detail&amp;saga=Q2luZSA0Sw==",return)</action>
	</shortcut>
	<shortcut>
		<defaultID>plugin.video.1x2</defaultID>
		<label>Deportes</label>
		<label2>Complemento de Vídeo</label2>
		<icon>DefaultShortcut.png</icon>
		<thumb>image://%2fstorage%2femulated%2f0%2fAndroid%2fdata%2forg.xbmc.kodi%2ffiles%2f.kodi%2faddons%2fplugin.video.1x2%2ficon.png/</thumb>
		<action>ActivateWindow(Videos,"plugin://plugin.video.1x2",return)</action>
	</shortcut>
	<shortcut>
		<defaultID />
		<label>Documentales</label>
		<label2>Complemento de Vídeo</label2>
		<icon>DefaultShortcut.png</icon>
		<thumb>image://%2fstorage%2femulated%2f0%2fAndroid%2fdata%2forg.xbmc.kodi%2ffiles%2f.kodi%2faddons%2fplugin.video.palantir%2fresources%2fmedia%2f%2fmenu_documentales.png/</thumb>
		<action>ActivateWindow(Videos,"plugin://plugin.video.palantir/?action=documentales_menu",return)</action>
	</shortcut>
	<shortcut>
		<defaultID />
		<label>Infantil</label>
		<label2>Complemento de Vídeo</label2>
		<icon>DefaultShortcut.png</icon>
		<thumb>image://%2fstorage%2femulated%2f0%2fAndroid%2fdata%2forg.xbmc.kodi%2ffiles%2f.kodi%2faddons%2fplugin.video.palantir%2fresources%2fmedia%2f%2fmenu_dibujos.png/</thumb>
		<action>ActivateWindow(Videos,"plugin://plugin.video.palantir/?action=dibujos_menu",return)</action>
	</shortcut>
	<shortcut>
		<defaultID>plugin.video.evilstreams</defaultID>
		<label>TV Premium</label>
		<label2>Complemento de Vídeo</label2>
		<icon>DefaultShortcut.png</icon>
		<thumb>image://%2fstorage%2femulated%2f0%2fAndroid%2fdata%2forg.xbmc.kodi%2ffiles%2f.kodi%2faddons%2fplugin.video.evilstreams%2ficon.png/</thumb>
		<action>ActivateWindow(Videos,"plugin://plugin.video.evilstreams",return)</action>
	</shortcut>
	<shortcut>
		<defaultID />
		<label>Musica</label>
		<label2>Complemento de Vídeo</label2>
		<icon>DefaultShortcut.png</icon>
		<thumb>image://%2fstorage%2femulated%2f0%2fAndroid%2fdata%2forg.xbmc.kodi%2ffiles%2f.kodi%2faddons%2fplugin.video.palantir%2fresources%2fmedia%2f%2fmenu_musica.png/</thumb>
		<action>ActivateWindow(Videos,"plugin://plugin.video.palantir/?action=musica_menu",return)</action>
	</shortcut>
	<shortcut>
		<defaultID />
		<label>Anime</label>
		<label2>Complemento de Vídeo</label2>
		<icon>DefaultShortcut.png</icon>
		<thumb>image://%2fstorage%2femulated%2f0%2fAndroid%2fdata%2forg.xbmc.kodi%2ffiles%2f.kodi%2faddons%2fplugin.video.palantir%2fresources%2fmedia%2f%2fmenu_anime.png/</thumb>
		<action>ActivateWindow(Videos,"plugin://plugin.video.palantir/?action=anime_menu",return)</action>
	</shortcut>
	<shortcut>
		<defaultID>plugin.program.batmanwizard</defaultID>
		<label>[COLOR blue]jansolo[/COLOR][COLOR white]Wizard[/COLOR]</label>
		<label2>Ítem Personalizado</label2>
		<icon>DefaultShortcut.png</icon>
		<thumb>image://C%3a%5cUsers%5cjansolo%5cAppData%5cRoaming%5cKodi%5caddons%5cplugin.program.batmanwizard%5cicon.png/</thumb>
		<action>ActivateWindow(Programs,"plugin://plugin.program.jansolowizard",return)</action>
	</shortcut>
	<shortcut>
		<defaultID>favourites</defaultID>
		<label>1036</label>
		<label2 />
		<icon>special://skin/extras/icons/Favorites.png</icon>
		<thumb />
		<action>ActivateWindow(Favourites)</action>
	</shortcut>
	<shortcut>
		<defaultID>programs</defaultID>
		<label>Addons</label>
		<label2>Ítem Personalizado</label2>
		<icon>special://skin/extras/icons/DefaultProgram.png</icon>
		<thumb />
		<action>ActivateWindow(1133)</action>
	</shortcut>
	<shortcut>
		<defaultID>settings</defaultID>
		<label>13000</label>
		<label2 />
		<icon>special://skin/extras/icons/DefaultAddonService.png</icon>
		<thumb />
		<action>ActivateWindow(Settings)</action>
	</shortcut>
	<shortcut>
		<defaultID>playdisc</defaultID>
		<label>$SKIN[31958|skin.aeon.nox.silvo|REPRODUCIR DISCO]</label>
		<label2 />
		<icon>special://skin/extras/icons/Disc.png</icon>
		<thumb />
		<action>PlayDisc</action>
		<visible>System.HasMediaDVD</visible>
	</shortcut>
	<shortcut>
		<defaultID>power</defaultID>
		<label>33060</label>
		<label2 />
		<icon>special://skin/extras/icons/power.png</icon>
		<thumb />
		<action>ActivateWindow(shutdownmenu)</action>
	</shortcut>
</shortcuts>
