<?xml version="1.0" ?>
<sources>
	<programs>
		<default pathversion="1"/>
	</programs>
	<video>
		<default pathversion="1"/>
		<source>
			<name>videolibrary</name>
			<path pathversion="1">special://profile/addon_data/plugin.video.alfa/videolibrary/</path>
			<allowsharing>true</allowsharing>
		</source>
		<source>
			<name>downloads</name>
			<path pathversion="1">special://userdata/addon_data/plugin.video.alfa/downloads/</path>
			<allowsharing>true</allowsharing>
		</source>
		<source>
			<name>MediaExplorer: Vídeos</name>
			<path pathversion="1">C:\Users\JohnTitor\AppData\Roaming\Kodi\userdata\addon_data\plugin.video.mediaexplorer\library\videos</path>
			<allowsharing>true</allowsharing>
		</source>
		<source>
			<name>MediaExplorer: Películas</name>
			<path pathversion="1">C:\Users\JohnTitor\AppData\Roaming\Kodi\userdata\addon_data\plugin.video.mediaexplorer\library\movies</path>
			<allowsharing>true</allowsharing>
		</source>
		<source>
			<name>MediaExplorer: Series</name>
			<path pathversion="1">C:\Users\JohnTitor\AppData\Roaming\Kodi\userdata\addon_data\plugin.video.mediaexplorer\library\tvshows</path>
			<allowsharing>true</allowsharing>
		</source>
	</video>
	<music>
		<default pathversion="1"/>
	</music>
	<pictures>
		<default pathversion="1"/>
	</pictures>
	<files>
		<default pathversion="1">Batman2_201905_files.xml</default>
		<source>
			<name>backgrounds</name>
			<path pathversion="1">special://home/backgrounds/</path>
			<allowsharing>true</allowsharing>
		</source>
		<source>
			<name>home</name>
			<path pathversion="1">special://home/</path>
			<allowsharing>true</allowsharing>
		</source>
		<source>
			<name>kodiadictos</name>
			<path pathversion="1">http://kodiadictos.com/kodiadictos/</path>
			<allowsharing>true</allowsharing>
		</source>
		<source>
			<name>kodileia</name>
			<path pathversion="1">http://kodileia.xyz/</path>
			<allowsharing>true</allowsharing>
		</source>
	</files>
	<games>
		<default pathversion="1"/>
	</games>
</sources>