<?xml version="1.0" encoding="UTF-8" standalone="yes"?>
<addon id="script.fantastic.metadata" version="3.1" name="fantastic Metadata" provider-name="fantastic">
	<requires>
		<import addon="xbmc.python" version="2.19.0"/>
	</requires>
	<extension point="xbmc.python.module" library="lib" />
	<extension point="xbmc.addon.metadata">
		<summary>Metadata for the fantastic Addon</summary>
		<description>Metadata for fantastic are maintained separately to make distribution of the the addon itself easier/faster.</description>
		<platform>all</platform>
	</extension>
</addon>
