<?xml version="1.0" encoding="UTF-8" standalone="yes"?>
<addon id="repository.ElRinconDeLolo" name="[COLOR blue]El Rincon De Lolo[/COLOR] Repo" version="1.0.1" provider-name="Lolo">
    <extension point="xbmc.addon.repository" name="El Rincon De Lolo">
        <info>https://raw.githubusercontent.com/djliptv/ElRinconDelLolo/master/RepoERDL/Repositorio/addons.xml</info>
        <checksum>https://raw.githubusercontent.com/djliptv/ElRinconDelLolo/master/RepoERDL/Repositorio/addons.xml.md5</checksum>
        <datadir zip="true">https://raw.githubusercontent.com/djliptv/ElRinconDelLolo/master/RepoERDL/Repositorio/</datadir>
    </extension>
    <extension point="xbmc.addon.metadata">
        <summary>Repositorio El Rincon De Lolo</summary>
        <description></description>
        <disclaimer></disclaimer>
        <platform>all</platform>
    </extension>
</addon>
