<?xml version='1.0' encoding='UTF-8'?>
<shortcuts>
	<shortcut>
		<defaultID />
		<label>[COLOR coral]Cambiar Skin[/COLOR]</label>
		<label2>Programa</label2>
		<icon>DefaultShortcut.png</icon>
		<thumb>special://skin/extras/icons/1-click.png</thumb>
		<action>ActivateWindow(Programs,"plugin://plugin.program.super.favourites/?label=%5BCOLOR+coral%5DCambiar+Skin%5B%2FCOLOR%5D&amp;mode=400&amp;path=special%3A%2F%2Fprofile%2Faddon_data%2Fplugin.program.super.favourites%2FSuper+Favourites%5CWIDGETSTEMA%5CCambiar+Skin&amp;image=special%3A%2F%2Fhome%2Fmedia%2F0%2Fconwidgets.png&amp;fanart=special%3A%2F%2Fhome%2Fmedia%2F0%2Faeonnox2.jpg&amp;content_type=",return)</action>
	</shortcut>
	<shortcut>
		<defaultID />
		<label>[COLOR chartreuse]Cambiar Imagenes[/COLOR]</label>
		<label2>Ítem Personalizado</label2>
		<icon>DefaultShortcut.png</icon>
		<thumb>special://skin/extras/icons/1-click.png</thumb>
		<action>ActivateWindow(Programs,"plugin://plugin.program.temasjan/?mode=builds",return)</action>
	</shortcut>
	<shortcut>
		<defaultID />
		<label>[COLOR aqua]borrar imagenes antiguas[/COLOR]</label>
		<label2>Programa</label2>
		<icon>DefaultShortcut.png</icon>
		<thumb>special://skin/extras/icons/1-click.png</thumb>
		<action>ActivateWindow(Programs,"plugin://plugin.program.super.favourites/?label=%5BCOLOR+aqua%5Dborrar+imagenes+antiguas%5B%2FCOLOR%5D&amp;mode=400&amp;path=special%3A%2F%2Fprofile%2Faddon_data%2Fplugin.program.super.favourites%2FSuper+Favourites%5Cborrar+imagenes+antiguas&amp;image=special%3A%2F%2Fhome%2Fmedia%2F0%2Ffotosbatman.jpg&amp;fanart=special%3A%2F%2Fhome%2Faddons%5Cplugin.program.temasjan%5Cfanart.jpg&amp;content_type=",return)</action>
	</shortcut>
</shortcuts>
