<?xml version="1.0" encoding="UTF-8" standalone="yes"?>
<addon id="repository.carnamaleon" name="Repositorio [COLOR gold]Carna[/COLOR][COLOR blue]maleon[/COLOR]" version="3.5.1" provider-name="Sotavent0">
    <extension point="xbmc.addon.repository" name="Repositorio Carnamaleon">
        <info compressed="false">https://raw.githubusercontent.com/sotavent0/Repo/master/addons.xml</info>
        <checksum>https://raw.githubusercontent.com/sotavent0/Repo/master/addons.xml.md5</checksum>
        <datadir zip="true">https://raw.githubusercontent.com/sotavent0/Repo/master</datadir>
    </extension>
    <extension point="xbmc.addon.metadata">
        <summary>Repositorio para Carnamaleon</summary>
        <description>Instalación y dependencias necesarias para el addon Carnamaleon</description>
        <disclaimer> </disclaimer>
        <platform>all</platform>
    </extension>
</addon>
