{
    "active": true, 
    "changes": [
        {
            "date": "23/07/2018",
            "description": "Corregido algoritmo"
        },
        {
            "date": "14/07/2018",
            "description": "Corregido mensaje 'El vídeo está siendo procesado'"
        },
        {
            "date": "07/07/2018",
            "description": "Corregido algoritmo"
        },
        {
            "date": "08/06/2018",
            "description": "Corregido algoritmo"
        },
        {
            "date": "14/04/2018",
            "description": "Corregido gracias a Alfa Team"
        },
        {
            "date": "31/03/2018",
            "description": "Corregido algoritmo"
        },
        {
            "date": "10/03/2018",
            "description": "Corregido regex"
        },
        {
            "date": "19/01/2018",
            "description": "Corregido algoritmo"
        },
        {
            "date": "18/08/2017", 
            "description": "Primera version"
        }
    ], 
    "find_videos": {
        "ignore_urls": [], 
        "patterns": [
            {
                "pattern": "powvideo.(?:net|xyz)/(?:embed-|iframe-|preview-|)([a-z0-9]+)", 
                "url": "http://powvideo.net/iframe-\\1-954x562.html"
            }
        ]
    }, 
    "free": true, 
    "id": "powvideo", 
    "name": "Powvideo", 
    "settings": [],
    "version": 10
}