{
    "active": true, 
    "changes": [
        {
            "date": "08/06/2018",
            "description": "Corregido algoritmo"
        },
        {
            "date": "14/04/2018",
            "description": "Corregido gracias a Alfa Team"
        },
        {
            "date": "19/01/2018",
            "description": "Corregido algoritmo"
        },
        {
            "date": "18/08/2017", 
            "description": "Primera version"
        }
    ], 
    "find_videos": {
        "ignore_urls": [], 
        "patterns": [
            {
                "pattern": "streamplay.to/(?:embed-|player-|)([a-z0-9]+)(?:.html|)", 
                "url": "http://streamplay.to/player-\\1.html"
            }
        ]
    }, 
    "free": true, 
    "id": "streamplay", 
    "name": "Streamplay",
    "settings": [],
    "version": 4
}