<?xml version="1.0" encoding="UTF-8" standalone="yes"?>
<addon id="script.module.routing" name="Plugin routing" version="0.2.1" provider-name="takoi">
    <requires>
        <import addon="xbmc.python" version="2.14.0"/>
    </requires>
    <extension point="xbmc.python.module" library="lib" />
    <extension point="xbmc.addon.metadata">
        <summary lang="en">Routing module for plugins</summary>
        <description lang="en">Library for building and parsing plugin URLs.

Documentation: https://github.com/tamland/kodi-plugin-routing</description>
        <license>GNU GENERAL PUBLIC LICENSE. Version 3, 29 June 2007</license>
        <platform>all</platform>
        <source>https://github.com/tamland/kodi-plugin-routing</source>
    </extension>
</addon>
