<?xml version="1.0" encoding="UTF-8" standalone="yes"?>
<addon id="repository.ignoble" name="Ignoble Repository" version="1.0.1" provider-name="ignoble61">
	<requires>
		<import addon="xbmc.addon" version="15.0.0"/>
	</requires>
	<extension point="xbmc.addon.repository" name="Ignoble Repository">
		<info compressed="true">https://github.com/ignoble61/repo.ignoble.data/raw/master/data/addons.xml</info>
		<checksum>https://github.com/ignoble61/repo.ignoble.data/raw/master/data/addons.xml.md5</checksum>
		<datadir zip="true">https://github.com/ignoble61/repo.ignoble.data/raw/master/data</datadir>
		<hashes>true</hashes>
	</extension>
	<extension point="xbmc.addon.metadata">
		<summary>The repository of Ignoble61 (aka BobCratchett)</summary>
		<description>The repository of Ignoble61 (aka BobCratchett), hosting igConq and test versions of Skin Shortcuts</description>
		<platform>all</platform>
	</extension>
</addon>