{
    "active": true,
    "adult": false,
    "categories": [
        "movie",
        "tvshow"
    ],
    "changes": [
        {
            "date": "12/07/2018",
            "description": "Primera versión"
        }
    ],
    "id": "grantorrent",
    "min_version": {
        "main": null,
        "python": null
    },
    "name": "Grantorrent",
    "search": {
        "movie": {
          "action": "movie_search",
          "content_type": "movies"
        },
        "tvshow": {
          "action": "tv_search",
          "content_type": "tvshows"
        }
    },
    "newest": {
        "movie": {
          "action": "movies",
          "content_type": "movies"
        },
        "episode":{
          "action": "newest_episodes",
          "content_type": "episodes"
        }
    },
    "settings": [],
    "version": 1
}