<?xml version="1.0" encoding="UTF-8" standalone="yes"?>
<addon id="repository.xxtrep" 
       name="XXTREP XBMC Add-ons" 
	   version="1.0.0" 
	   provider-name="Taifxx">
<requires>
  <import addon="xbmc.addon" version="12.0.0"/>
</requires>	
	<extension point="xbmc.addon.repository" name="XXTREP XBMC Add-ons">
		<info compressed="false">https://github.com/taifxx/xxtrep/raw/master/addons.xml</info>
		<checksum>https://github.com/taifxx/xxtrep/raw/master/addons.xml.md5</checksum>
		<datadir zip="true">https://github.com/taifxx/xxtrep/raw/master/</datadir>
	</extension>
	<extension point="xbmc.addon.metadata">
		<summary>Install Add-ons from XXTREP Add-on Repository</summary>
		<summary lang="en">Install Add-ons from XXTREP Add-on Repository</summary>
		<summary lang="ru">Установка дополнений репозитория XXTREP</summary>
		<description>Available add-ons: Add to Lib</description>
		<description lang="en">Available add-ons: Add to Lib</description>
		<description lang="ru">Доступные дополнеия: Add to Lib</description>
		<disclaimer lang="en">Team XBMC did not make all the add-ons on this repository and are not responsible for their content</disclaimer>
		<disclaimer lang="ru">Разработчики XBMC не являются авторами этих дополнений и не несут ответственность за их содержимое.</disclaimer>
		<platform>all</platform>
	</extension>
</addon>