<?xml version="1.0" encoding="UTF-8"?>
<includes>
	<!-- WIDGET 1 -->
	<include name="Widget1">
		<control type="group" id="90010">
			
			<top>280</top>
			<animation effect="slide" tween="cubic" time="720" start="0,-1080" end="0,0" condition="!String.IsEqual(Skin.String(MainMenu.Layout),15)">WindowOpen</animation>
			<animation effect="slide" tween="cubic" time="720" end="0,-1080" start="0,0" condition="!String.IsEqual(Skin.String(MainMenu.Layout),15)">WindowClose</animation>
			<animation effect="slide" tween="cubic" time="720" start="1920,0" end="0,0" condition="String.IsEqual(Skin.String(MainMenu.Layout),15)">WindowOpen</animation>
			<animation effect="slide" tween="cubic" time="720" end="1920,0" start="0,0" condition="String.IsEqual(Skin.String(MainMenu.Layout),15)">WindowClose</animation>
			<animation effect="fade" start="100" end="0" condition="Container(9000).OnNext | Container(9000).OnPrevious">Conditional</animation>
			<animation effect="fade" start="0" end="100" time="400" delay="400" tween="quadratic" easing="out" condition="![Container(9000).OnNext | Container(9000).OnPrevious]">Conditional</animation>
			<animation effect="slide" end="0,-349" condition="!String.IsEqual(Skin.String(MainMenu.Layout),15) + !Skin.HasSetting(lowermainmenu)">Conditional</animation>
			<animation effect="slide" end="220,-64" condition="String.IsEqual(Skin.String(MainMenu.Layout),15) + !String.Contains(Container(9000).ListItem.Property(widgetStyle),Extended)">Conditional</animation>
			<animation effect="slide" end="425,-64" condition="String.IsEqual(Skin.String(MainMenu.Layout),15) + String.Contains(Container(9000).ListItem.Property(widgetStyle),Extended)">Conditional</animation>
			<animation effect="slide" end="-410,0" time="320" tween="cubic" easing="inout" condition="String.IsEqual(Skin.String(MainMenu.Layout),15) + String.Contains(Container(9000).ListItem.Property(widgetStyle),Extended) + !String.Contains(Container(9000).ListItem.Property(widgetStyle),List) + ControlGroup(90010).HasFocus">Conditional</animation>
			<animation effect="slide" end="-410,0" time="320" tween="cubic" easing="inout" condition="String.IsEqual(Skin.String(MainMenu.Layout),15) + String.Contains(Container(9000).ListItem.Property(widgetStyle),Extended) + !String.Contains(Container(9000).ListItem.Property(widgetStyle),List)  + String.Contains(Container(9000).ListItem.Property(widgetStyle.2),Extended) + ControlGroup(90020).HasFocus">Conditional</animation>
			<animation effect="fade" start="100" end="0" time="200" delay="100" condition="Skin.HasSetting(Enable.WidgetHide) + !ControlGroup(90010).HasFocus">Conditional</animation>
			<animation effect="fade" start="100" end="0" time="200" delay="100" condition="Skin.HasSetting(Enable.PanelInfo) + ControlGroup(90020).HasFocus + !String.Contains(Container(9000).ListItem.Property(widgetStyle.2),List)">Conditional</animation>
			<animation effect="fade" start="100" end="0" time="200" delay="100" condition="!Skin.HasSetting(Enable.PanelInfo) + String.IsEqual(Container(9000).ListItem.Property(widgetPanelInfo.2),Enabled) + ControlGroup(90020).HasFocus + !String.Contains(Container(9000).ListItem.Property(widgetStyle.2),List)">Conditional</animation>
			<visible>!String.IsEmpty(Container(9000).ListItem.Property(widgetStyle))</visible>
			<include>skinshortcuts-template-widget1</include>
			
		</control>
	</include>
	<!-- WIDGET 2 -->
	<include name="Widget2">
		<control type="group" id="90020">
      
				<top>280</top>
			<animation effect="slide" tween="cubic" time="720" start="0,-1080" end="0,0" condition="!String.IsEqual(Skin.String(MainMenu.Layout),15) + Skin.HasSetting(lowermainmenu)">WindowOpen</animation>
			<animation effect="slide" tween="cubic" time="720" end="0,-1080" start="0,0" condition="!String.IsEqual(Skin.String(MainMenu.Layout),15) + Skin.HasSetting(lowermainmenu)">WindowClose</animation>
			<animation effect="slide" tween="cubic" time="720" start="0,1080" end="0,0" condition="!String.IsEqual(Skin.String(MainMenu.Layout),15) + !Skin.HasSetting(lowermainmenu)">WindowOpen</animation>
			<animation effect="slide" tween="cubic" time="720" end="0,1080" start="0,0" condition="!String.IsEqual(Skin.String(MainMenu.Layout),15) + !Skin.HasSetting(lowermainmenu)">WindowClose</animation>
			<animation effect="slide" tween="cubic" time="720" start="1920,0" end="0,0" condition="String.IsEqual(Skin.String(MainMenu.Layout),15)">WindowOpen</animation>
			<animation effect="slide" tween="cubic" time="720" end="1920,0" start="0,0" condition="String.IsEqual(Skin.String(MainMenu.Layout),15)">WindowClose</animation>
			<animation effect="fade" start="100" end="0" condition="Container(9000).OnNext | Container(9000).OnPrevious">Conditional</animation>
			<animation effect="fade" start="0" end="100" time="400" delay="400" tween="quadratic" easing="out" condition="![Container(9000).OnNext | Container(9000).OnPrevious]">Conditional</animation>
			<animation effect="slide" end="0,601" condition="!String.IsEqual(Skin.String(MainMenu.Layout),15) + !Skin.HasSetting(lowermainmenu)">Conditional</animation>
			<animation effect="slide" end="220,633" condition="String.IsEqual(Skin.String(MainMenu.Layout),15) + !String.Contains(Container(9000).ListItem.Property(widgetStyle.2),Extended)">Conditional</animation>
			<animation effect="slide" end="425,633" condition="String.IsEqual(Skin.String(MainMenu.Layout),15) + String.Contains(Container(9000).ListItem.Property(widgetStyle.2),Extended)">Conditional</animation>
			<animation effect="slide" end="-410,0" time="320" tween="cubic" easing="inout" condition="String.IsEqual(Skin.String(MainMenu.Layout),15) + String.Contains(Container(9000).ListItem.Property(widgetStyle.2),Extended) + !String.Contains(Container(9000).ListItem.Property(widgetStyle.2),List) + ControlGroup(90020).HasFocus">Conditional</animation>
			<animation effect="slide" end="-410,0" time="320" tween="cubic" easing="inout" condition="String.IsEqual(Skin.String(MainMenu.Layout),15) + String.Contains(Container(9000).ListItem.Property(widgetStyle.2),Extended) + !String.Contains(Container(9000).ListItem.Property(widgetStyle.2),List) + String.Contains(Container(9000).ListItem.Property(widgetStyle),Extended) + ControlGroup(90010).HasFocus">Conditional</animation>
			<animation effect="fade" start="100" end="0" time="200" delay="100" condition="Skin.HasSetting(Enable.WidgetHide) + !ControlGroup(90020).HasFocus">Conditional</animation>
			<animation effect="fade" start="100" end="0" time="200" delay="100" condition="Skin.HasSetting(Enable.PanelInfo) + ControlGroup(90010).HasFocus + !String.Contains(Container(9000).ListItem.Property(widgetStyle),List)">Conditional</animation>
			<animation effect="fade" start="100" end="0" time="200" delay="100" condition="!Skin.HasSetting(Enable.PanelInfo) + String.IsEqual(Container(9000).ListItem.Property(widgetPanelInfo),Enabled) + ControlGroup(90010).HasFocus + !String.Contains(Container(9000).ListItem.Property(widgetStyle),List)">Conditional</animation>
			<animation effect="fade" start="100" end="0" time="200" delay="100" condition="!String.IsEqual(Skin.String(MainMenu.Layout),15) + !Skin.HasSetting(Disable.Videoinfo) + Player.HasVideo + !ControlGroup(90020).HasFocus">Conditional</animation>
			<animation effect="fade" start="100" end="0" time="200" delay="100" condition="!String.IsEqual(Skin.String(MainMenu.Layout),15) + !Skin.HasSetting(Disable.Musicinfo) + Player.HasAudio + !ControlGroup(90020).HasFocus">Conditional</animation>
			<animation effect="fade" start="100" end="0" condition="!String.IsEmpty(Container(9000).ListItem.Property(widgetLiveTV)) + [PVR.HasNonRecordingTimer | PVR.IsRecording] + !ControlGroup(90020).HasFocus">Conditional</animation>
			<visible>!String.IsEmpty(Container(9000).ListItem.Property(widgetStyle.2))</visible>
			<include>skinshortcuts-template-widget2</include>
		</control>
	</include>
	<include name="HomeWidgetTrans">
		<animation effect="fade" end="95" time="0" reversible="false" condition="String.IsEqual(Skin.String(Widget.Trans),95)">Conditional</animation>
		<animation effect="fade" end="90" time="0" reversible="false" condition="String.IsEqual(Skin.String(Widget.Trans),90)">Conditional</animation>
		<animation effect="fade" end="85" time="0" reversible="false" condition="String.IsEqual(Skin.String(Widget.Trans),85)">Conditional</animation>
		<animation effect="fade" end="80" time="0" reversible="false" condition="String.IsEqual(Skin.String(Widget.Trans),80)">Conditional</animation>
		<animation effect="fade" end="75" time="0" reversible="false" condition="String.IsEqual(Skin.String(Widget.Trans),75)">Conditional</animation>
		<animation effect="fade" end="70" time="0" reversible="false" condition="String.IsEqual(Skin.String(Widget.Trans),70)">Conditional</animation>
		<animation effect="fade" end="65" time="0" reversible="false" condition="String.IsEqual(Skin.String(Widget.Trans),65)">Conditional</animation>
		<animation effect="fade" end="60" time="0" reversible="false" condition="String.IsEqual(Skin.String(Widget.Trans),60)">Conditional</animation>
		<animation effect="fade" end="55" time="0" reversible="false" condition="String.IsEqual(Skin.String(Widget.Trans),55)">Conditional</animation>
		<animation effect="fade" end="50" time="0" reversible="false" condition="String.IsEqual(Skin.String(Widget.Trans),50)">Conditional</animation>
	</include>
	<!-- Widget Info Visible 1 -->
	<include name="InfoVisible1">
		<visible>[Skin.HasSetting(Enable.PanelInfo) + Control.HasFocus($PARAM[id])] | [!Skin.HasSetting(Enable.PanelInfo) + String.IsEqual(Container(9000).ListItem.Property(widgetPanelInfo),Enabled) + Control.HasFocus($PARAM[id])]</visible>
		<animation effect="slide" end="0,950" condition="!String.IsEqual(Skin.String(MainMenu.Layout),15) + !Skin.HasSetting(lowermainmenu)">Conditional</animation>
		<animation effect="slide" end="0,697" condition="String.IsEqual(Skin.String(MainMenu.Layout),15)">Conditional</animation>
		<animation effect="fade" time="100" tween="sine" easing="inout">VisibleChange</animation>
	</include>
	<!-- Widget Info Visible 2 -->
	<include name="InfoVisible2">
		<visible>[Skin.HasSetting(Enable.PanelInfo) + Control.HasFocus($PARAM[id])] | [!Skin.HasSetting(Enable.PanelInfo) + String.IsEqual(Container(9000).ListItem.Property(widgetPanelInfo.2),Enabled) + Control.HasFocus($PARAM[id])]</visible>
		<animation effect="slide" end="0,-950" condition="!String.IsEqual(Skin.String(MainMenu.Layout),15) + !Skin.HasSetting(lowermainmenu)">Conditional</animation>
		<animation effect="slide" end="0,-697" condition="String.IsEqual(Skin.String(MainMenu.Layout),15)">Conditional</animation>
		<animation effect="fade" time="100" tween="sine" easing="inout">VisibleChange</animation>
	</include>
	<include name="Info">
		<!-- Poster -->
		<control type="group">
			<visible>String.IsEmpty(Container($PARAM[id]).ListItem.Property(Label3)) + String.IsEmpty(Container($PARAM[id]).ListItem.ChannelName) + String.IsEmpty(Container($PARAM[id]).ListItem.Artist) + String.IsEmpty(Container($PARAM[id]).ListItem.AlbumArtist) + String.IsEmpty(Container($PARAM[id]).ListItem.AddonName) + !$PARAM[widgetSquare]</visible>
			<include content="InfoContent">
				<param name="id">$PARAM[id]</param>
				<param name="Texture">$VAR[HomeWidget$PARAM[id]PosterVar]</param>
				<param name="Title">$VAR[HomeWidget$PARAM[id]TitleVar]</param>
				<param name="SubTitle">$VAR[HomeWidget$PARAM[id]SubTitleVar]</param>
				<param name="Info1">$VAR[HomeWidget$PARAM[id]Info1Var]</param>
				<param name="Info2">$VAR[HomeWidget$PARAM[id]Info2Var]</param>
				<param name="Plot">$VAR[HomeWidget$PARAM[id]PlotVar]</param>
				<param name="widthBack">$PARAM[widthBack]</param>
				<param name="isSquare">false</param>
				<param name="Left">$PARAM[Left1]</param>
				<param name="Width">$PARAM[Width1]</param>
			</include>
		</control>
		<!-- Square -->
		<control type="group">
			<visible>!String.IsEmpty(Container($PARAM[id]).ListItem.Property(Label3)) | !String.IsEmpty(Container($PARAM[id]).ListItem.Artist) | !String.IsEmpty(Container($PARAM[id]).ListItem.AlbumArtist) | !String.IsEmpty(Container($PARAM[id]).ListItem.AddonName) | $PARAM[widgetSquare]</visible>
			<include content="InfoContent">
				<param name="id">$PARAM[id]</param>
				<param name="Texture">$VAR[HomeWidget$PARAM[id]PosterVar]</param>
				<param name="Aspect">scale</param>
				<param name="Align">center</param>
				<param name="Title">$VAR[HomeWidget$PARAM[id]TitleVar]</param>
				<param name="SubTitle">$VAR[HomeWidget$PARAM[id]SubTitleVar]</param>
				<param name="Info1">$VAR[HomeWidget$PARAM[id]Info1Var]</param>
				<param name="Info2">$VAR[HomeWidget$PARAM[id]Info2Var]</param>
				<param name="Plot">$VAR[HomeWidget$PARAM[id]PlotVar]</param>
				<param name="widthBack">$PARAM[widthBack]</param>
				<param name="isSquare">true</param>
				<param name="Left">$PARAM[Left2]</param>
				<param name="Width">$PARAM[Width2]</param>
			</include>
		</control>
		<!-- Square - Keep Aspect -->
		<control type="group">
			<visible>!String.IsEmpty(Container($PARAM[id]).ListItem.ChannelName)</visible>
			<include content="InfoContent">
				<param name="id">$PARAM[id]</param>
				<param name="Texture">$VAR[HomeWidget$PARAM[id]PosterVar]</param>
				<param name="Aspect">keep</param>
				<param name="Align">center</param>
				<param name="Title">$VAR[HomeWidget$PARAM[id]TitleVar]</param>
				<param name="SubTitle">$VAR[HomeWidget$PARAM[id]SubTitleVar]</param>
				<param name="Info1">$VAR[HomeWidget$PARAM[id]Info1Var]</param>
				<param name="Info2">$VAR[HomeWidget$PARAM[id]Info2Var]</param>
				<param name="Plot">$VAR[HomeWidget$PARAM[id]PlotVar]</param>
				<param name="widthBack">$PARAM[widthBack]</param>
				<param name="isSquare">true</param>
				<param name="Left">$PARAM[Left2]</param>
				<param name="Width">$PARAM[Width2]</param>
			</include>
		</control>
	</include>
	<include name="InfoContent">
		<control type="image">
			<top>-40</top>
			<width>$PARAM[widthBack]</width>
			<height>390</height>
			<texture colordiffuse="99FFFFFF">homewidgets/list_shadow.png</texture>
		</control>
		<!-- Poster Art -->
		<control type="group">
			<visible>!$PARAM[isSquare]</visible>
			<control type="image">
				<left>-20</left>
				<top>-20</top>
				<width>246</width>
				<height>350</height>
				<texture colordiffuse="11FFFFFF">back.png</texture>
				<fadetime>IconCrossfadeTime</fadetime>
				<bordertexture border="20">thumbs/thumb_shadow.png</bordertexture>
				<bordersize>20</bordersize>
				<visible>String.IsEmpty(Skin.String(Widget.CaseInfo)) | [ControlGroup(90010).HasFocus + String.IsEmpty(Container(9000).ListItem.Property(widgetCase)) + String.IsEqual(Skin.String(Widget.CaseInfo),Match widget panel)] | [ControlGroup(90020).HasFocus + String.IsEmpty(Container(9000).ListItem.Property(widgetCase.2)) + String.IsEqual(Skin.String(Widget.CaseInfo),Match widget panel)]</visible>
			</control>
			<control type="image">
				<width>206</width>
				<height>310</height>
				<texture background="true" fallback="homewidgets/DefaultMovies_poster.png">$PARAM[Texture]</texture>
				<fadetime>IconCrossfadeTime</fadetime>
				<visible>String.IsEmpty(Skin.String(Widget.CaseInfo)) | [ControlGroup(90010).HasFocus + String.IsEmpty(Container(9000).ListItem.Property(widgetCase)) + String.IsEqual(Skin.String(Widget.CaseInfo),Match widget panel)] | [ControlGroup(90020).HasFocus + String.IsEmpty(Container(9000).ListItem.Property(widgetCase.2)) + String.IsEqual(Skin.String(Widget.CaseInfo),Match widget panel)]</visible>
			</control>
			<control type="image">
				<left>5</left>
				<top>6</top>
				<width>196</width>
				<height>298</height>
				<texture background="true" fallback="homewidgets/DefaultMovies_poster.png">$PARAM[Texture]</texture>
				<fadetime>IconCrossfadeTime</fadetime>
				<visible>String.IsEqual(Skin.String(Widget.CaseInfo),Glass) | [ControlGroup(90010).HasFocus + String.IsEqual(Container(9000).ListItem.Property(widgetCase),Glass) + String.IsEqual(Skin.String(Widget.CaseInfo),Match widget panel)] | [ControlGroup(90020).HasFocus + String.IsEqual(Container(9000).ListItem.Property(widgetCase.2),Glass) + String.IsEqual(Skin.String(Widget.CaseInfo),Match widget panel)]</visible>
			</control>
			<control type="image">
				<left>5</left>
				<top>26</top>
				<width>196</width>
				<height>279</height>
				<texture background="true" fallback="homewidgets/DefaultMovies_poster.png">$PARAM[Texture]</texture>
				<fadetime>IconCrossfadeTime</fadetime>
				<visible>String.IsEqual(Skin.String(Widget.CaseInfo),Case) | [ControlGroup(90010).HasFocus + String.IsEqual(Container(9000).ListItem.Property(widgetCase),Case) + String.IsEqual(Skin.String(Widget.CaseInfo),Match widget panel)] | [ControlGroup(90020).HasFocus + String.IsEqual(Container(9000).ListItem.Property(widgetCase.2),Case) + String.IsEqual(Skin.String(Widget.CaseInfo),Match widget panel)]</visible>
			</control>
			<control type="image">
				<left>7</left>
				<top>6</top>
				<width>192</width>
				<height>298</height>
				<texture background="true" fallback="homewidgets/DefaultMovies_poster.png">$PARAM[Texture]</texture>
				<fadetime>IconCrossfadeTime</fadetime>
				<visible>String.IsEqual(Skin.String(Widget.CaseInfo),Clear Case) | [ControlGroup(90010).HasFocus + String.IsEqual(Container(9000).ListItem.Property(widgetCase),Clear Case) + String.IsEqual(Skin.String(Widget.CaseInfo),Match widget panel)] | [ControlGroup(90020).HasFocus + String.IsEqual(Container(9000).ListItem.Property(widgetCase.2),Clear Case) + String.IsEqual(Skin.String(Widget.CaseInfo),Match widget panel)]</visible>
			</control>
			<control type="image">
				<width>206</width>
				<height>310</height>
				<texture background="true">$VAR[HomeWidget$PARAM[id]InfoCaseVar]</texture>
				<fadetime>IconCrossfadeTime</fadetime>
				<visible>!String.IsEmpty(Skin.String(Widget.CaseInfo))</visible>
			</control>
		</control>
		<!-- Square Art -->
		<control type="group">
			<visible>$PARAM[isSquare]</visible>
			<control type="image">
				<left>-20</left>
				<top>-20</top>
				<width>350</width>
				<height>350</height>
				<texture colordiffuse="11FFFFFF">back.png</texture>
				<fadetime>IconCrossfadeTime</fadetime>
				<bordertexture border="20">thumbs/thumb_shadow.png</bordertexture>
				<bordersize>20</bordersize>
				<visible>String.IsEmpty(Skin.String(Widget.CaseInfo)) | [ControlGroup(90010).HasFocus + String.IsEmpty(Container(9000).ListItem.Property(widgetCase)) + String.IsEqual(Skin.String(Widget.CaseInfo),Match widget panel)] | [ControlGroup(90020).HasFocus + String.IsEmpty(Container(9000).ListItem.Property(widgetCase.2)) + String.IsEqual(Skin.String(Widget.CaseInfo),Match widget panel)]</visible>
			</control>
			<control type="image">
				<width>310</width>
				<height>310</height>
				<aspectratio aligny="$PARAM[Align]">$PARAM[Aspect]</aspectratio>
				<texture background="true" fallback="DefaultMovies.png">$PARAM[Texture]</texture>
				<fadetime>IconCrossfadeTime</fadetime>
				<visible>String.IsEmpty(Skin.String(Widget.CaseInfo)) | [ControlGroup(90010).HasFocus + String.IsEmpty(Container(9000).ListItem.Property(widgetCase)) + String.IsEqual(Skin.String(Widget.CaseInfo),Match widget panel)] | [ControlGroup(90020).HasFocus + String.IsEmpty(Container(9000).ListItem.Property(widgetCase.2)) + String.IsEqual(Skin.String(Widget.CaseInfo),Match widget panel)]</visible>
			</control>
			<control type="image">
				<left>6</left>
				<top>6</top>
				<width>298</width>
				<height>298</height>
				<aspectratio aligny="$PARAM[Align]">$PARAM[Aspect]</aspectratio>
				<texture background="true" fallback="DefaultMovies.png">$PARAM[Texture]</texture>
				<fadetime>IconCrossfadeTime</fadetime>
				<visible>String.IsEqual(Skin.String(Widget.CaseInfo),Glass) | [ControlGroup(90010).HasFocus + String.IsEqual(Container(9000).ListItem.Property(widgetCase),Glass) + String.IsEqual(Skin.String(Widget.CaseInfo),Match widget panel)] | [ControlGroup(90020).HasFocus + String.IsEqual(Container(9000).ListItem.Property(widgetCase.2),Glass) + String.IsEqual(Skin.String(Widget.CaseInfo),Match widget panel)]</visible>
			</control>
			<control type="image">
				<left>28</left>
				<top>4</top>
				<width>278</width>
				<height>302</height>
				<aspectratio aligny="$PARAM[Align]">$PARAM[Aspect]</aspectratio>
				<texture background="true" fallback="DefaultMovies.png">$PARAM[Texture]</texture>
				<fadetime>IconCrossfadeTime</fadetime>
				<visible>String.IsEqual(Skin.String(Widget.CaseInfo),Case) | [ControlGroup(90010).HasFocus + String.IsEqual(Container(9000).ListItem.Property(widgetCase),Case) + String.IsEqual(Skin.String(Widget.CaseInfo),Match widget panel)] | [ControlGroup(90020).HasFocus + String.IsEqual(Container(9000).ListItem.Property(widgetCase.2),Case) + String.IsEqual(Skin.String(Widget.CaseInfo),Match widget panel)]</visible>
			</control>
			<control type="image">
				<left>28</left>
				<top>4</top>
				<width>278</width>
				<height>302</height>
				<aspectratio aligny="$PARAM[Align]">$PARAM[Aspect]</aspectratio>
				<texture background="true" fallback="DefaultMovies.png">$PARAM[Texture]</texture>
				<fadetime>IconCrossfadeTime</fadetime>
				<visible>String.IsEqual(Skin.String(Widget.CaseInfo),Clear Case) | [ControlGroup(90010).HasFocus + String.IsEqual(Container(9000).ListItem.Property(widgetCase),Clear Case) + String.IsEqual(Skin.String(Widget.CaseInfo),Match widget panel)] | [ControlGroup(90020).HasFocus + String.IsEqual(Container(9000).ListItem.Property(widgetCase.2),Clear Case) + String.IsEqual(Skin.String(Widget.CaseInfo),Match widget panel)]</visible>
			</control>
			<control type="image">
				<width>310</width>
				<height>310</height>
				<texture background="true">$VAR[HomeWidget$PARAM[id]InfoCaseVar]</texture>
				<fadetime>IconCrossfadeTime</fadetime>
				<visible>!String.IsEmpty(Skin.String(Widget.CaseInfo))</visible>
			</control>
		</control>
		<control type="grouplist">
			<left>$PARAM[Left]</left>
			<top>-2</top>
			<height>312</height>
			<itemgap>10</itemgap>
			<!-- Title -->
			<control type="label">
				<width>$PARAM[Width]</width>
				<height>27</height>
				<font>font14</font>
				<textcolor>white2</textcolor>
				<shadowcolor>shadow</shadowcolor>
				<scroll>true</scroll>
				<label>$PARAM[Title]</label>
			</control>
			<!-- SubTitle -->
			<control type="label">
				<width>$PARAM[Width]</width>
				<height>27</height>
				<font>font14_title</font>
				<textcolor>$VAR[ThemeLabelColor]</textcolor>
				<shadowcolor>shadow</shadowcolor>
				<scroll>true</scroll>
				<label>$PARAM[SubTitle]</label>
			</control>
			<control type="label">
				<height>1</height>
				<label />
			</control>
			<!-- Info 1 -->
			<control type="label">
				<width>$PARAM[Width]</width>
				<height>27</height>
				<font>font14</font>
				<textcolor>white2</textcolor>
				<shadowcolor>shadow</shadowcolor>
				<label>$PARAM[Info1]</label>
			</control>
			<!-- Info 2 -->
			<control type="label">
				<width>$PARAM[Width]</width>
				<height>27</height>
				<font>font14</font>
				<textcolor>white2</textcolor>
				<shadowcolor>shadow</shadowcolor>
				<label>$PARAM[Info2]</label>
			</control>
			<control type="label">
				<height>1</height>
				<label />
			</control>
			<!-- Plot -->
			<control type="textbox">
				<width>$PARAM[Width]</width>
				<height>143</height>
				<font>font14_textbox</font>
				<align>justify</align>
				<textcolor>white2</textcolor>
				<shadowcolor>shadow</shadowcolor>
				<autoscroll time="3000" delay="4000" repeat="5000">Skin.HasSetting(Enable.AutoScroll)</autoscroll>
				<label>$PARAM[Plot]</label>
			</control>
		</control>
	</include>
	<!-- Widget Navigation 1 -->
	<include name="HorizontalNavigation1">
		<onup condition="!String.IsEqual(Skin.String(MainMenu.Layout),15) + Control.IsVisible(90020) + Skin.HasSetting(lowermainmenu)">90020</onup>
		<ondown condition="!String.IsEqual(Skin.String(MainMenu.Layout),15) + [System.HasMediaDVD | Control.IsVisible(9027)]">9020</ondown>
		<ondown condition="!String.IsEqual(Skin.String(MainMenu.Layout),15) + ![System.HasMediaDVD | Control.IsVisible(9027)]">9000</ondown>
		<onleft condition="String.IsEqual(Skin.String(MainMenu.Layout),15)">9000</onleft>
		<onup condition="String.IsEqual(Skin.String(MainMenu.Layout),15) + [Control.IsVisible(9027) | System.HasMediaDVD]">9020</onup>
		<onup condition="String.IsEqual(Skin.String(MainMenu.Layout),15) + ![Control.IsVisible(9027) | System.HasMediaDVD]">9000</onup>
		<ondown condition="String.IsEqual(Skin.String(MainMenu.Layout),15) + Control.IsVisible(90020)">90020</ondown>
		<ondown condition="String.IsEqual(Skin.String(MainMenu.Layout),15) + !Control.IsVisible(90020) + [Control.IsVisible(9027) | System.HasMediaDVD]">9020</ondown>
		<ondown condition="String.IsEqual(Skin.String(MainMenu.Layout),15) + !Control.IsVisible(90020) + ![Control.IsVisible(9027) | System.HasMediaDVD]">9000</ondown>
	</include>
	<!-- Widget Navigation 2 -->
	<include name="HorizontalNavigation2">
		<onup condition="!String.IsEqual(Skin.String(MainMenu.Layout),15) + !Skin.HasSetting(lowermainmenu)">9000</onup>
		<ondown condition="!String.IsEqual(Skin.String(MainMenu.Layout),15) + Control.IsVisible(90010) + Skin.HasSetting(lowermainmenu)">90010</ondown>
		<ondown condition="!String.IsEqual(Skin.String(MainMenu.Layout),15) + !Control.IsVisible(90010) + [System.HasMediaDVD | Control.IsVisible(9027)] + Skin.HasSetting(lowermainmenu)">9020</ondown>
		<ondown condition="!String.IsEqual(Skin.String(MainMenu.Layout),15) + !Control.IsVisible(90010) + ![System.HasMediaDVD | Control.IsVisible(9027)] + Skin.HasSetting(lowermainmenu)">9000</ondown>
		<onleft condition="String.IsEqual(Skin.String(MainMenu.Layout),15)">9000</onleft>
		<onup condition="String.IsEqual(Skin.String(MainMenu.Layout),15) + Control.IsVisible(90010)">90010</onup>
		<onup condition="String.IsEqual(Skin.String(MainMenu.Layout),15) + !Control.IsVisible(90010) + [Control.IsVisible(9027) | System.HasMediaDVD]">9020</onup>
		<onup condition="String.IsEqual(Skin.String(MainMenu.Layout),15) + !Control.IsVisible(90010) + ![Control.IsVisible(9027) | System.HasMediaDVD]">9000</onup>
		<ondown condition="String.IsEqual(Skin.String(MainMenu.Layout),15) + [Control.IsVisible(9027) | System.HasMediaDVD]">9020</ondown>
		<ondown condition="String.IsEqual(Skin.String(MainMenu.Layout),15) + ![Control.IsVisible(9027) | System.HasMediaDVD]">9000</ondown>
	</include>
	<!-- List WIDGETS -->
	<!-- List Artwork  -->
	<include name="ListPortraitArt">
		<control type="group">
			<include>HomeWidgetTrans</include>
			<control type="image">
				<left>$PARAM[leftArt]</left>
				<top>$PARAM[topArt]</top>
				<width>$PARAM[widthArt]</width>
				<height>$PARAM[heightArt]</height>
				<aspectratio aligny="$PARAM[Aligny]">$PARAM[Aspect]</aspectratio>
				<texture fallback="homewidgets/DefaultMovies_poster.png">$PARAM[Texture]</texture>
			</control>
			<control type="image">
				<left>$PARAM[leftCase]</left>
				<top>$PARAM[topCase]</top>
				<width>$PARAM[widthCase]</width>
				<height>$PARAM[heightCase]</height>
				<texture>$PARAM[Case]</texture>
				<visible>$PARAM[caseVisible]</visible>
			</control>
		</control>
	</include>
	<include name="ListSquareArt">
		<control type="group">
			<include>HomeWidgetTrans</include>
			<control type="image">
				<left>$PARAM[leftArt]</left>
				<top>$PARAM[topArt]</top>
				<width>$PARAM[widthArt]</width>
				<height>$PARAM[heightArt]</height>
				<aspectratio aligny="$PARAM[Aligny]">$PARAM[Aspect]</aspectratio>
				<texture fallback="DefaultMovies.png">$PARAM[Texture]</texture>
				<visible>!$PARAM[fallbackVisible]</visible>
			</control>
			<control type="image">
				<left>$PARAM[leftArt]</left>
				<top>$PARAM[topFakeDiscArt]</top>
				<width>$PARAM[widthArt]</width>
				<height>$PARAM[widthArt]</height>
				<aspectratio aligny="top" scalediffuse="false">scale</aspectratio>
				<texture diffuse="homewidgets/cdart-mask.png" fallback="DefaultMusicAlbums.png">$INFO[Container($PARAM[id]).ListItem.Art(thumb)]</texture>
				<visible>$PARAM[fallbackVisible]</visible>
			</control>
			<control type="image">
				<left>$PARAM[leftArt]</left>
				<top>$PARAM[topArt]</top>
				<width>$PARAM[widthArt]</width>
				<height>$PARAM[heightArt]</height>
				<aspectratio>$PARAM[Aspect]</aspectratio>
				<texture>homewidgets/cdarttop.png</texture>
				<visible>$PARAM[fallbackVisible]</visible>
			</control>
			<control type="image">
				<left>$PARAM[leftArt]</left>
				<top>$PARAM[topArt]</top>
				<width>$PARAM[widthArt]</width>
				<height>$PARAM[heightArt]</height>
				<aspectratio>$PARAM[Aspect]</aspectratio>
				<texture>$VAR[HomeWidgetFakeDiscArtVar]</texture>
				<visible>$PARAM[fallbackVisible]</visible>
			</control>
			<control type="image">
				<left>$PARAM[leftCase]</left>
				<top>$PARAM[topCase]</top>
				<width>$PARAM[widthCase]</width>
				<height>$PARAM[heightCase]</height>
				<texture>$PARAM[Case]</texture>
			</control>
		</control>
	</include>
	<include name="ListLandscapeArt">
		<control type="group">
			<include>HomeWidgetTrans</include>
			<control type="image">
				<left>$PARAM[leftArt]</left>
				<top>$PARAM[topArt]</top>
				<width>$PARAM[widthArt]</width>
				<height>$PARAM[heightArt]</height>
				<aspectratio aligny="$PARAM[Aligny]">$PARAM[Aspect]</aspectratio>
				<texture fallback="homewidgets/DefaultMovies_landscape.png">$PARAM[Texture]</texture>
				<visible>![$PARAM[fallbackVisible]]</visible>
			</control>
			<control type="label">
				<left>$PARAM[leftArt]</left>
				<top>$PARAM[topArt]</top>
				<width>$PARAM[widthArt]</width>
				<height>$PARAM[heightArt]</height>
				<align>center</align>
				<textoffsetx>7</textoffsetx>
				<font>$PARAM[fallbackFont]</font>
				<textcolor>white</textcolor>
				<shadowcolor>shadow</shadowcolor>
				<label>$PARAM[Title2]</label>
				<visible>$PARAM[fallbackVisible]</visible>
			</control>
			<control type="image">
				<left>$PARAM[leftCase]</left>
				<top>$PARAM[topCase]</top>
				<width>$PARAM[widthCase]</width>
				<height>$PARAM[heightCase]</height>
				<texture>$PARAM[Case]</texture>
				<visible>$PARAM[caseVisible]</visible>
			</control>
		</control>
	</include>
	<!-- List Container Content  -->
	<include name="ListBannerArt">
		<itemlayout width="300" height="61">
			<control type="group">
				<include>HomeWidgetTrans</include>
				<control type="image">
					<left>$PARAM[leftArt]</left>
					<top>$PARAM[topArt]</top>
					<width>$PARAM[widthArt]</width>
					<height>$PARAM[heightArt]</height>
					<aspectratio>stretch</aspectratio>
					<texture>$VAR[HomeWidgetBannerVar]</texture>
				</control>
				<control type="image">
					<left>$PARAM[leftArt]</left>
					<top>$PARAM[topArt]</top>
					<width>$PARAM[widthArt]</width>
					<height>$PARAM[heightArt]</height>
					<aspectratio aligny="top">scale</aspectratio>
					<texture fallback="homewidgets/DefaultMovies_banner.png">$VAR[HomeWidgetFanArtVar]</texture>
					<visible>String.IsEmpty(ListItem.Art(banner)) + String.IsEmpty(ListItem.Art(tvshow.banner))</visible>
				</control>
				<control type="image">
					<left>$PARAM[leftArt]</left>
					<top>$PARAM[topArt]</top>
					<width>$PARAM[widthArt]</width>
					<height>$PARAM[heightArt]</height>
					<aspectratio>keep</aspectratio>
					<texture>$VAR[HomeWidgetClearLogoVar]</texture>
					<visible>String.IsEmpty(ListItem.Art(banner)) + String.IsEmpty(ListItem.Art(tvshow.banner))</visible>
				</control>
				<control type="label">
					<left>$PARAM[leftArt]</left>
					<top>$PARAM[topArt]</top>
					<width>$PARAM[widthArt]</width>
					<height>$PARAM[heightArt]</height>
					<align>center</align>
					<textoffsetx>7</textoffsetx>
					<font>$PARAM[fallbackFont]</font>
					<textcolor>white</textcolor>
					<shadowcolor>shadow</shadowcolor>
					<label>$VAR[HomeWidgetTitle2Var]</label>
					<visible>String.IsEmpty(ListItem.Art(banner)) + String.IsEmpty(ListItem.Art(tvshow.banner)) + String.IsEmpty(ListItem.Art(clearlogo)) + String.IsEmpty(ListItem.Art(tvshow.clearlogo))</visible>
				</control>
				<control type="image">
					<left>$PARAM[leftCase]</left>
					<top>$PARAM[topCase]</top>
					<width>$PARAM[widthCase]</width>
					<height>$PARAM[heightCase]</height>
					<texture>$PARAM[Case]</texture>
				</control>
			</control>
		</itemlayout>
		<focusedlayout width="300" height="61">
			<control type="group">
				<animation type="Focus" reversible="false">
					<effect type="zoom" start="95" end="100" time="300" tween="sine" easing="inout" center="auto" />
				</animation>
				<control type="image">
					<left>$PARAM[leftArt]</left>
					<top>$PARAM[topArt]</top>
					<width>$PARAM[widthArt]</width>
					<height>$PARAM[heightArt]</height>
					<aspectratio>stretch</aspectratio>
					<texture>$VAR[HomeWidgetBannerVar]</texture>
				</control>
				<control type="image">
					<left>$PARAM[leftArt]</left>
					<top>$PARAM[topArt]</top>
					<width>$PARAM[widthArt]</width>
					<height>$PARAM[heightArt]</height>
					<aspectratio aligny="top">scale</aspectratio>
					<texture fallback="homewidgets/DefaultMovies_banner.png">$VAR[HomeWidgetFanArtVar]</texture>
					<visible>String.IsEmpty(ListItem.Art(banner)) + String.IsEmpty(ListItem.Art(tvshow.banner))</visible>
				</control>
				<control type="image">
					<left>$PARAM[leftArt]</left>
					<top>$PARAM[topArt]</top>
					<width>$PARAM[widthArt]</width>
					<height>$PARAM[heightArt]</height>
					<aspectratio>keep</aspectratio>
					<texture>$VAR[HomeWidgetClearLogoVar]</texture>
					<visible>String.IsEmpty(ListItem.Art(banner)) + String.IsEmpty(ListItem.Art(tvshow.banner))</visible>
				</control>
				<control type="label">
					<left>$PARAM[leftArt]</left>
					<top>$PARAM[topArt]</top>
					<width>$PARAM[widthArt]</width>
					<height>$PARAM[heightArt]</height>
					<align>center</align>
					<textoffsetx>7</textoffsetx>
					<font>$PARAM[fallbackFont]</font>
					<textcolor>white</textcolor>
					<shadowcolor>shadow</shadowcolor>
					<label>$VAR[HomeWidgetTitle2Var]</label>
					<visible>String.IsEmpty(ListItem.Art(banner)) + String.IsEmpty(ListItem.Art(tvshow.banner)) + String.IsEmpty(ListItem.Art(clearlogo)) + String.IsEmpty(ListItem.Art(tvshow.clearlogo))</visible>
				</control>
				<control type="image">
					<left>$PARAM[leftArt]</left>
					<top>$PARAM[topArt]</top>
					<width>$PARAM[widthArt]</width>
					<height>$PARAM[heightArt]</height>
					<texture colordiffuse="$VAR[WidgetHighlightBarColor]" border="4">listselect_fo.png</texture>
					<visible>Control.HasFocus($PARAM[id])</visible>
				</control>
				<control type="image">
					<left>$PARAM[leftCase]</left>
					<top>$PARAM[topCase]</top>
					<width>$PARAM[widthCase]</width>
					<height>$PARAM[heightCase]</height>
					<texture>$PARAM[Case]</texture>
				</control>
			</control>
		</focusedlayout>
	</include>
	<include name="List">
		<itemlayout height="50" width="300">
			<control type="group">
				<include>HomeWidgetTrans</include>
				<control type="image">
					<width>300</width>
					<height>50</height>
					<texture border="1">separator2.png</texture>
				</control>
				<control type="label">
					<width>300</width>
					<height>50</height>
					<font>font12</font>
					<textoffsetx>15</textoffsetx>
					<textcolor>white</textcolor>
					<shadowcolor>shadow</shadowcolor>
					<label>$INFO[ListItem.Label]</label>
				</control>
			</control>
		</itemlayout>
		<focusedlayout height="50" width="300">
			<control type="image">
				<width>300</width>
				<height>50</height>
				<texture border="1">separator2.png</texture>
				<visible>!Control.HasFocus($PARAM[id])</visible>
			</control>
			<control type="image">
				<width>300</width>
				<height>50</height>
				<texture colordiffuse="$VAR[WidgetHighlightBarColor]" border="5">listselect_fo.png</texture>
				<visible>Control.HasFocus($PARAM[id])</visible>
			</control>
			<control type="label">
				<width>300</width>
				<height>50</height>
				<font>font12</font>
				<textoffsetx>15</textoffsetx>
				<textcolor>white</textcolor>
				<shadowcolor>shadow</shadowcolor>
				<label>$INFO[ListItem.Label]</label>
			</control>
		</focusedlayout>
	</include>
	<include name="ListSystem">
		<itemlayout height="50" width="300">
			<control type="group">
				<include>HomeWidgetTrans</include>
				<control type="image">
					<width>300</width>
					<height>50</height>
					<texture border="1">separator2.png</texture>
				</control>
				<control type="image">
					<left>5</left>
					<top>5</top>
					<width>40</width>
					<height>40</height>
					<texture>$INFO[ListItem.Icon]</texture>
				</control>
				<control type="label">
					<left>40</left>
					<width>260</width>
					<height>50</height>
					<font>font12</font>
					<textoffsetx>15</textoffsetx>
					<textcolor>white</textcolor>
					<shadowcolor>shadow</shadowcolor>
					<label>$INFO[ListItem.Label2]</label>
				</control>
			</control>
		</itemlayout>
		<focusedlayout height="50" width="300">
			<control type="image">
				<width>300</width>
				<height>50</height>
				<texture border="1">separator2.png</texture>
				<visible>!Control.HasFocus($PARAM[id])</visible>
			</control>
			<control type="image">
				<width>300</width>
				<height>50</height>
				<texture colordiffuse="$VAR[WidgetHighlightBarColor]" border="5">listselect_fo.png</texture>
				<visible>Control.HasFocus($PARAM[id])</visible>
			</control>
			<control type="image">
				<left>5</left>
				<top>5</top>
				<width>40</width>
				<height>40</height>
				<texture>$INFO[ListItem.Icon]</texture>
			</control>
			<control type="label">
				<left>40</left>
				<width>240</width>
				<height>50</height>
				<font>font12</font>
				<textoffsetx>15</textoffsetx>
				<textcolor>white</textcolor>
				<shadowcolor>shadow</shadowcolor>
				<label>$INFO[ListItem.Label2]</label>
			</control>
		</focusedlayout>
	</include>
	<!-- Panel WIDGETS -->
	<!-- Panel Background -->
	<include name="PanelBack">	

		<control type="image">
			<left>225</left>
			
			<top>-21</top>
			<width>$PARAM[backWidth]</width>
			<height>$PARAM[backHeight]</height>
			<visible>Skin.HasSetting(Enable.GlobalWidgetBack)</visible>
			<texture colordiffuse="$VAR[HomeWidgetBackColor]" border="40">$VAR[HomeWidgetBackgroundVar]</texture>
			<include>HomeWidgetTrans</include>
		</control>
		<control type="image">
			<left>225</left>
		
			<top>-21</top>
			<width>$PARAM[backWidth]</width>
			<height>$PARAM[backHeight]</height>
			<visible>!Skin.HasSetting(Enable.GlobalWidgetBack)</visible>
			<texture colordiffuse="$PARAM[backColor]" border="40">$PARAM[Texture]</texture>
			<include>HomeWidgetTrans</include>
		</control>
	</include>
	<!-- Title Labels -->
	<include name="PanelLabel">
	
		<control type="group">
			<visible>!String.IsEqual(Skin.String(MainMenu.Layout),15)</visible>
			<control type="label">
				<top>$PARAM[labelBottom]</top>
				<left></left>
				<centerleft>50%</centerleft>
				<width>$PARAM[labelWidth]</width>
				<height>auto</height>
				<align>center</align>
				<font>font13_title</font>
				<textcolor>white</textcolor>
				<shadowcolor>black</shadowcolor>
				<label>$PARAM[Label]</label>
				<visible>!$PARAM[labelTitle]</visible>
			</control>
			<control type="label">
				<top>$PARAM[labelBottom]</top>
				<left>$PARAM[labelLeft]</left>
				<width>$PARAM[labelWidth]</width>
				<height>auto</height>
				<font>font13_title</font>
				<textcolor>$VAR[ThemeLabelColor]</textcolor>
				<shadowcolor>black</shadowcolor>
				<label>$PARAM[Title]</label>
				<visible>Control.HasFocus($PARAM[id]) + $PARAM[labelTitle]</visible>
			</control>
			<control type="label">
				<top>$PARAM[labelBottom]</top>
				<left>$PARAM[labelRight]</left>
				<width>$PARAM[labelWidth]</width>
				<height>auto</height>
				<align>right</align>
				<font>font13_title</font>
				<textcolor>white</textcolor>
				<shadowcolor>black</shadowcolor>
				<label>$PARAM[Label]</label>
				<visible>$PARAM[labelTitle]</visible>
			</control>
		</control>
		<control type="group">
	
			<visible>String.IsEqual(Skin.String(MainMenu.Layout),15)</visible>
			<control type="label">
				<top>-24</top>
				<left>$PARAM[labelLeft]</left>
				<width>$PARAM[labelWidth]</width>
				<height>auto</height>
				<font>font13_title</font>
				<textcolor>white</textcolor>
				<shadowcolor>black</shadowcolor>
				<label>$PARAM[Label]</label>
			</control>
			<control type="label">
				<top>-24</top>
				<left>$PARAM[labelRight]</left>
				<width>$PARAM[labelWidth]</width>
				<height>auto</height>
				<align>right</align>
				<font>font13_title</font>
				<textcolor>$VAR[ThemeLabelColor]</textcolor>
				<shadowcolor>black</shadowcolor>
				<label>$PARAM[Title]</label>
				<visible>Control.HasFocus($PARAM[id]) + $PARAM[labelTitle]</visible>
			</control>
		</control>
	</include>
	<!-- Panel Container Content -->
	<include name="PortraitArt">
	<width>300</width>
		<itemlayout width="$PARAM[containerWidth]" height="$PARAM[containerHeight]">
			<control type="image">
				<left>$PARAM[leftArt]</left>
				<top>$PARAM[topArt]</top>
				<width>$PARAM[widthArt]</width>
				<height>$PARAM[heightArt]</height>
				<aspectratio aligny="$PARAM[Aligny]">$PARAM[Aspect]</aspectratio>
				<texture fallback="homewidgets/DefaultMovies_poster.png">$PARAM[Texture]</texture>
				<include>HomeWidgetTrans</include>
			</control>
			<control type="image">
				<left>$PARAM[leftArt]</left>
				<top>$PARAM[topArt]</top>
				<width>$PARAM[widthArt]</width>
				<height>$PARAM[heightArt]</height>
				<texture>homewidgets/label_back_poster.png</texture>
				<visible>$PARAM[labelVisible]</visible>
			</control>
			<control type="label">
				<left>$PARAM[leftArt]</left>
				<top>$PARAM[topArt]r</top>
				<width>$PARAM[widthArt]</width>
				<height>$PARAM[labelHeight]</height>
				<align>center</align>
				<textoffsetx>7</textoffsetx>
				<font>$PARAM[labelFont]</font>
				<textcolor>lightgrey</textcolor>
				<label>$VAR[HomeWidgetTitleVar]</label>
				<visible>$PARAM[labelVisible]</visible>
			</control>
			<control type="image">
				<left>$PARAM[leftCase]</left>
				<top>$PARAM[topCase]</top>
				<width>$PARAM[widthCase]</width>
				<height>$PARAM[heightCase]</height>
				<aspectratio aligny="$PARAM[caseAligny]">$PARAM[caseAspect]</aspectratio>
				<texture>$PARAM[Case]</texture>
				<include>HomeWidgetTrans</include>
			</control>
		</itemlayout>
		<focusedlayout width="$PARAM[containerWidth]" height="$PARAM[containerHeight]">
			<control type="group">
				<animation  type="Focus" reversible="false">
					<effect type="zoom" start="95" end="100" time="300" tween="sine" easing="inout" center="auto" />
				</animation>
				<control type="image">
					<left>$PARAM[leftArt]</left>
					<top>$PARAM[topArt]</top>
					<width>$PARAM[widthArt]</width>
					<height>$PARAM[heightArt]</height>
					<aspectratio aligny="$PARAM[Aligny]">$PARAM[Aspect]</aspectratio>
					<texture fallback="homewidgets/DefaultMovies_poster.png">$PARAM[Texture]</texture>
				</control>
				<control type="image">
					<left>$PARAM[leftArt]</left>
					<top>$PARAM[topArt]</top>
					<width>$PARAM[widthArt]</width>
					<height>$PARAM[heightArt]</height>
					<texture colordiffuse="$VAR[WidgetHighlightBarColor]" border="4">listselect_fo.png</texture>
				</control>
				<control type="image">
					<left>$PARAM[leftArt]</left>
					<top>$PARAM[topArt]</top>
					<width>$PARAM[widthArt]</width>
					<height>$PARAM[heightArt]</height>
					<texture>homewidgets/label_back_poster.png</texture>
					<visible>$PARAM[labelFocusVisible]</visible>
				</control>
				<control type="label">
					<left>$PARAM[leftArt]</left>
					<top>$PARAM[topArt]r</top>
					<width>$PARAM[widthArt]</width>
					<height>$PARAM[labelHeight]</height>
					<align>center</align>
					<textoffsetx>7</textoffsetx>
					<font>$PARAM[labelFont]</font>
					<textcolor>$VAR[ThemeLabelColor]</textcolor>
					<label>$VAR[HomeWidgetTitleVar]</label>
					<visible>$PARAM[labelFocusVisible]</visible>
				</control>
				<control type="image">
					<left>$PARAM[leftCase]</left>
					<top>$PARAM[topCase]</top>
					<width>$PARAM[widthCase]</width>
					<height>$PARAM[heightCase]</height>
					<aspectratio aligny="$PARAM[caseAligny]">$PARAM[caseAspect]</aspectratio>
					<texture>$PARAM[Case]</texture>
				</control>
			</control>
		</focusedlayout>
	</include>
	<include name="SquareArt">
		<itemlayout width="$PARAM[containerWidth]" height="$PARAM[containerHeight]">
			<control type="image">
				<left>$PARAM[leftArt]</left>
				<top>$PARAM[topArt]</top>
				<width>$PARAM[widthArt]</width>
				<height>$PARAM[heightArt]</height>
				<aspectratio aligny="$PARAM[Aligny]">$PARAM[Aspect]</aspectratio>
				<texture fallback="DefaultMovies.png">$PARAM[Texture]</texture>
				<visible>!$PARAM[fallbackVisible] + !$PARAM[isWeather]</visible>
				<include>HomeWidgetTrans</include>
			</control>
			<control type="image">
				<left>$PARAM[leftArt]</left>
				<top>$PARAM[weatherTop]</top>
				<width>$PARAM[widthArt]</width>
				<height>$PARAM[weatherHeight]</height>
				<aspectratio aligny="center">keep</aspectratio>
				<texture>$PARAM[Texture]</texture>
				<visible>$PARAM[isWeather]</visible>
				<include>HomeWidgetTrans</include>
			</control>
			<control type="image">
				<left>$PARAM[leftArt]</left>
				<top>$PARAM[topFakeDiscArt]</top>
				<width>$PARAM[widthArt]</width>
				<height>$PARAM[widthArt]</height>
				<aspectratio aligny="top" scalediffuse="false">scale</aspectratio>
				<texture diffuse="homewidgets/cdart-mask.png" fallback="DefaultMovies.png">$INFO[ListItem.Art(thumb)]</texture>
				<visible>$PARAM[fallbackVisible]</visible>
				<include>HomeWidgetTrans</include>
			</control>
			<control type="image">
				<left>$PARAM[leftArt]</left>
				<top>$PARAM[topFakeDiscArt]</top>
				<width>$PARAM[widthArt]</width>
				<height>$PARAM[widthArt]</height>
				<aspectratio>$PARAM[Aspect]</aspectratio>
				<texture>homewidgets/cdarttop.png</texture>
				<visible>$PARAM[fallbackVisible]</visible>
				<include>HomeWidgetTrans</include>
			</control>
			<control type="image">
				<left>$PARAM[leftArt]</left>
				<top>$PARAM[topArt]</top>
				<width>$PARAM[widthArt]</width>
				<height>$PARAM[heightArt]</height>
				<aspectratio>$PARAM[Aspect]</aspectratio>
				<texture>$VAR[HomeWidgetFakeDiscArtVar]</texture>
				<visible>$PARAM[fallbackVisible]</visible>
				<include>HomeWidgetTrans</include>
			</control>
			<control type="image">
				<left>$PARAM[leftArt]</left>
				<top>$PARAM[topArt]</top>
				<width>$PARAM[widthArt]</width>
				<height>$PARAM[heightArt]</height>
				<texture>homewidgets/label_back_square.png</texture>
				<visible>$PARAM[labelVisible] + !$PARAM[isWeather]</visible>
				<include>HomeWidgetTrans</include>
			</control>
			<control type="label">
				<left>$PARAM[leftArt]</left>
				<top>$PARAM[topArt]r</top>
				<width>$PARAM[widthArt]</width>
				<height>$PARAM[labelHeight]</height>
				<align>center</align>
				<textoffsetx>7</textoffsetx>
				<font>$PARAM[labelFont]</font>
				<textcolor>lightgrey</textcolor>
				<label>$VAR[HomeWidgetTitleVar]</label>
				<visible>$PARAM[labelVisible] + !$PARAM[isWeather]</visible>
			</control>
			<control type="label">
				<left>$PARAM[leftArt]</left>
				<top>$PARAM[weatherTop1]</top>
				<width>$PARAM[widthArt]</width>
				<height>30</height>
				<font>$PARAM[weatherFont]</font>
				<align>center</align>
				<textcolor>white2</textcolor>
				<shadowcolor>shadow</shadowcolor>
				<textoffsetx>7</textoffsetx>
				<label>$INFO[ListItem.Label]</label>
				<visible>$PARAM[isWeather]</visible>
			</control>
			<control type="label">
				<left>$PARAM[leftArt]</left>
				<top>$PARAM[weatherTop2]</top>
				<width>$PARAM[widthArt]</width>
				<height>30</height>
				<font>$PARAM[weatherFont]</font>
				<align>center</align>
				<textcolor>white2</textcolor>
				<shadowcolor>shadow</shadowcolor>
				<textoffsetx>7</textoffsetx>
				<label>$INFO[ListItem.Label2]</label>
				<visible>$PARAM[isWeather]</visible>
			</control>
			<control type="label">
				<left>$PARAM[leftArt]</left>
				<top>$PARAM[weatherTop3]</top>
				<width>$PARAM[widthArt]</width>
				<height>30</height>
				<font>$PARAM[weatherFont]</font>
				<align>center</align>
				<textcolor>white2</textcolor>
				<shadowcolor>shadow</shadowcolor>
				<textoffsetx>7</textoffsetx>
				<label>$INFO[ListItem.Property(Label3)]$INFO[ListItem.Property(Label4), ]</label>
				<visible>$PARAM[isWeather]</visible>
			</control>
			<control type="image">
				<left>$PARAM[leftCase]</left>
				<top>$PARAM[topCase]</top>
				<width>$PARAM[widthCase]</width>
				<height>$PARAM[heightCase]</height>
				<texture>$PARAM[Case]</texture>
				<include>HomeWidgetTrans</include>
			</control>
		</itemlayout>
		<focusedlayout width="$PARAM[containerWidth]" height="$PARAM[containerHeight]">
			<control type="group">
				<animation type="Focus" reversible="false">
					<effect type="zoom" start="95" end="100" time="300" tween="sine" easing="inout" center="auto" />
				</animation>
				<control type="image">
					<left>$PARAM[leftArt]</left>
					<top>$PARAM[topArt]</top>
					<width>$PARAM[widthArt]</width>
					<height>$PARAM[heightArt]</height>
					<aspectratio aligny="$PARAM[Aligny]">$PARAM[Aspect]</aspectratio>
					<texture fallback="DefaultMovies.png">$PARAM[Texture]</texture>
					<visible>!$PARAM[fallbackVisible] + !$PARAM[isWeather]</visible>
				</control>
				<control type="image">
					<left>$PARAM[leftArt]</left>
					<top>$PARAM[weatherTop]</top>
					<width>$PARAM[widthArt]</width>
					<height>$PARAM[weatherHeight]</height>
					<aspectratio aligny="center">keep</aspectratio>
					<texture>$PARAM[Texture]</texture>
					<visible>$PARAM[isWeather]</visible>
				</control>
				<control type="image">
					<left>$PARAM[leftArt]</left>
					<top>$PARAM[topFakeDiscArt]</top>
					<width>$PARAM[widthArt]</width>
					<height>$PARAM[widthArt]</height>
					<aspectratio aligny="top" scalediffuse="false">scale</aspectratio>
					<texture diffuse="homewidgets/cdart-mask.png" fallback="DefaultMovies.png">$INFO[ListItem.Art(thumb)]</texture>
					<visible>$PARAM[fallbackVisible]</visible>
				</control>
				<control type="image">
					<left>$PARAM[leftArt]</left>
					<top>$PARAM[topFakeDiscArt]</top>
					<width>$PARAM[widthArt]</width>
					<height>$PARAM[widthArt]</height>
					<aspectratio>$PARAM[Aspect]</aspectratio>
					<texture>homewidgets/cdarttop.png</texture>
					<visible>$PARAM[fallbackVisible]</visible>
				</control>
				<control type="image">
					<left>$PARAM[leftArt]</left>
					<top>$PARAM[topArt]</top>
					<width>$PARAM[widthArt]</width>
					<height>$PARAM[heightArt]</height>
					<aspectratio>$PARAM[Aspect]</aspectratio>
					<texture>$VAR[HomeWidgetFakeDiscArtVar]</texture>
					<visible>$PARAM[fallbackVisible]</visible>
				</control>
				<control type="image">
					<left>$PARAM[leftArt]</left>
					<top>$PARAM[topArt]</top>
					<width>$PARAM[widthArt]</width>
					<height>$PARAM[heightArt]</height>
					<texture colordiffuse="$VAR[WidgetHighlightBarColor]" border="4">listselect_fo.png</texture>
				</control>
				<control type="image">
					<left>$PARAM[leftArt]</left>
					<top>$PARAM[topArt]</top>
					<width>$PARAM[widthArt]</width>
					<height>$PARAM[heightArt]</height>
					<texture>homewidgets/label_back_square.png</texture>
					<visible>$PARAM[labelFocusVisible] + !$PARAM[isWeather]</visible>
				</control>
				<control type="label">
					<left>$PARAM[leftArt]</left>
					<top>$PARAM[topArt]r</top>
					<width>$PARAM[widthArt]</width>
					<height>$PARAM[labelHeight]</height>
					<align>center</align>
					<textoffsetx>7</textoffsetx>
					<font>$PARAM[labelFont]</font>
					<textcolor>$VAR[ThemeLabelColor]</textcolor>
					<label>$VAR[HomeWidgetTitleVar]</label>
					<visible>$PARAM[labelFocusVisible] + !$PARAM[isWeather]</visible>
				</control>
				<control type="label">
					<left>$PARAM[leftArt]</left>
					<top>$PARAM[weatherTop1]</top>
					<width>$PARAM[widthArt]</width>
					<height>30</height>
					<font>$PARAM[weatherFont]</font>
					<align>center</align>
					<textcolor>white2</textcolor>
					<shadowcolor>shadow</shadowcolor>
					<textoffsetx>7</textoffsetx>
					<label>$INFO[ListItem.Label]</label>
					<visible>$PARAM[isWeather]</visible>
				</control>
				<control type="label">
					<left>$PARAM[leftArt]</left>
					<top>$PARAM[weatherTop2]</top>
					<width>$PARAM[widthArt]</width>
					<height>30</height>
					<font>$PARAM[weatherFont]</font>
					<align>center</align>
					<textcolor>white2</textcolor>
					<shadowcolor>shadow</shadowcolor>
					<scroll>true</scroll>
					<textoffsetx>7</textoffsetx>
					<label>$INFO[ListItem.Label2]</label>
					<visible>$PARAM[isWeather]</visible>
				</control>
				<control type="label">
					<left>$PARAM[leftArt]</left>
					<top>$PARAM[weatherTop3]</top>
					<width>$PARAM[widthArt]</width>
					<height>30</height>
					<font>$PARAM[weatherFont]</font>
					<align>center</align>
					<textcolor>white2</textcolor>
					<shadowcolor>shadow</shadowcolor>
					<textoffsetx>7</textoffsetx>
					<label>$INFO[ListItem.Property(Label3)]$INFO[ListItem.Property(Label4), ]</label>
					<visible>$PARAM[isWeather]</visible>
				</control>
				<control type="image">
					<left>$PARAM[leftCase]</left>
					<top>$PARAM[topCase]</top>
					<width>$PARAM[widthCase]</width>
					<height>$PARAM[heightCase]</height>
					<texture>$PARAM[Case]</texture>
				</control>
			</control>
		</focusedlayout>
	</include>
	<include name="LandscapeArt">
		<itemlayout width="$PARAM[containerWidth]" height="$PARAM[containerHeight]">
			<control type="image">
				<left>$PARAM[leftArt]</left>
				<top>$PARAM[topArt]</top>
				<width>$PARAM[widthArt]</width>
				<height>$PARAM[heightArt]</height>
				<aspectratio aligny="$PARAM[Aligny]">$PARAM[Aspect]</aspectratio>
				<texture fallback="homewidgets/DefaultMovies_landscape.png">$PARAM[Texture]</texture>
				<visible>![$PARAM[fallbackVisible]]</visible>
				<include>HomeWidgetTrans</include>
			</control>
			<control type="label">
				<left>$PARAM[leftArt]</left>
				<top>$PARAM[topArt]</top>
				<width>$PARAM[widthArt]</width>
				<height>$PARAM[heightArt]</height>
				<align>center</align>
				<textoffsetx>7</textoffsetx>
				<font>$PARAM[fallbackFont]</font>
				<textcolor>white2</textcolor>
				<shadowcolor>shadow</shadowcolor>
				<label>$VAR[HomeWidgetTitle2Var]</label>
				<visible>$PARAM[fallbackVisible]</visible>
				<include>HomeWidgetTrans</include>
			</control>
			<control type="image">
				<left>$PARAM[leftArt]</left>
				<top>$PARAM[topArt]</top>
				<width>$PARAM[widthArt]</width>
				<height>$PARAM[heightArt]</height>
				<texture>homewidgets/label_back_landscape.png</texture>
				<visible>$PARAM[labelVisible]</visible>
			</control>
			<control type="label">
				<left>$PARAM[leftArt]</left>
				<top>$PARAM[topArt]r</top>
				<width>$PARAM[widthArt]</width>
				<height>$PARAM[labelHeight]</height>
				<align>center</align>
				<textoffsetx>7</textoffsetx>
				<font>$PARAM[labelFont]</font>
				<textcolor>lightgrey</textcolor>
				<label>$VAR[HomeWidgetTitleVar]</label>
				<visible>$PARAM[labelVisible]</visible>
			</control>
			<control type="image">
				<left>$PARAM[leftCase]</left>
				<top>$PARAM[topCase]</top>
				<width>$PARAM[widthCase]</width>
				<height>$PARAM[heightCase]</height>
				<texture>$PARAM[Case]</texture>
				<include>HomeWidgetTrans</include>
			</control>
		</itemlayout>
		<focusedlayout width="$PARAM[containerWidth]" height="$PARAM[containerHeight]">
			<control type="group">
				<animation type="Focus" reversible="false">
					<effect type="zoom" start="95" end="100" time="300" tween="sine" easing="inout" center="auto" />
				</animation>
				<control type="image">
					<left>$PARAM[leftArt]</left>
					<top>$PARAM[topArt]</top>
					<width>$PARAM[widthArt]</width>
					<height>$PARAM[heightArt]</height>
					<aspectratio aligny="$PARAM[Aligny]">$PARAM[Aspect]</aspectratio>
					<texture fallback="homewidgets/DefaultMovies_landscape.png">$PARAM[Texture]</texture>
					<visible>![$PARAM[fallbackVisible]]</visible>
				</control>
				<control type="label">
					<left>$PARAM[leftArt]</left>
					<top>$PARAM[topArt]</top>
					<width>$PARAM[widthArt]</width>
					<height>$PARAM[heightArt]</height>
					<align>center</align>
					<textoffsetx>7</textoffsetx>
					<font>$PARAM[fallbackFont]</font>
					<textcolor>white2</textcolor>
					<shadowcolor>shadow</shadowcolor>
					<label>$VAR[HomeWidgetTitle2Var]</label>
					<visible>$PARAM[fallbackVisible]</visible>
				</control>
				<control type="image">
					<left>$PARAM[leftArt]</left>
					<top>$PARAM[topArt]</top>
					<width>$PARAM[widthArt]</width>
					<height>$PARAM[heightArt]</height>
					<texture colordiffuse="$VAR[WidgetHighlightBarColor]" border="4">listselect_fo.png</texture>
				</control>
				<control type="image">
					<left>$PARAM[leftArt]</left>
					<top>$PARAM[topArt]</top>
					<width>$PARAM[widthArt]</width>
					<height>$PARAM[heightArt]</height>
					<texture>homewidgets/label_back_landscape.png</texture>
					<visible>$PARAM[labelFocusVisible]</visible>
				</control>
				<control type="label">
					<left>$PARAM[leftArt]</left>
					<top>$PARAM[topArt]r</top>
					<width>$PARAM[widthArt]</width>
					<height>$PARAM[labelHeight]</height>
					<align>center</align>
					<textoffsetx>7</textoffsetx>
					<font>$PARAM[labelFont]</font>
					<textcolor>$VAR[ThemeLabelColor]</textcolor>
					<label>$VAR[HomeWidgetTitleVar]</label>
					<visible>$PARAM[labelFocusVisible]</visible>
				</control>
				<control type="image">
					<left>$PARAM[leftCase]</left>
					<top>$PARAM[topCase]</top>
					<width>$PARAM[widthCase]</width>
					<height>$PARAM[heightCase]</height>
					<texture>$PARAM[Case]</texture>
				</control>
			</control>
		</focusedlayout>
	</include>
	<include name="BannerArt">
		<itemlayout width="$PARAM[containerWidth]" height="$PARAM[containerHeight]">
			<control type="image">
				<left>$PARAM[leftArt]</left>
				<top>$PARAM[topArt]</top>
				<width>$PARAM[widthArt]</width>
				<height>$PARAM[heightArt]</height>
				<aspectratio>$PARAM[Aspect]</aspectratio>
				<texture>$PARAM[Texture]</texture>
				<include>HomeWidgetTrans</include>
			</control>
			<control type="image">
				<left>$PARAM[leftArt]</left>
				<top>$PARAM[topArt]</top>
				<width>$PARAM[widthArt]</width>
				<height>$PARAM[heightArt]</height>
				<aspectratio aligny="top">scale</aspectratio>
				<texture fallback="homewidgets/DefaultMovies_banner.png">$VAR[HomeWidgetFanArtVar]</texture>
				<visible>String.IsEmpty(ListItem.Art(banner)) + String.IsEmpty(ListItem.Art(tvshow.banner))</visible>
				<include>HomeWidgetTrans</include>
			</control>
			<control type="image">
				<left>$PARAM[leftArt]</left>
				<top>$PARAM[topArt]</top>
				<width>$PARAM[widthArt]</width>
				<height>$PARAM[heightArt]</height>
				<aspectratio>keep</aspectratio>
				<texture>$VAR[HomeWidgetClearLogoVar]</texture>
				<visible>String.IsEmpty(ListItem.Art(banner)) + String.IsEmpty(ListItem.Art(tvshow.banner))</visible>
				<include>HomeWidgetTrans</include>
			</control>
			<control type="label">
				<left>$PARAM[leftArt]</left>
				<top>$PARAM[topArt]</top>
				<width>$PARAM[widthArt]</width>
				<height>$PARAM[heightArt]</height>
				<align>center</align>
				<textoffsetx>7</textoffsetx>
				<font>$PARAM[fallbackFont]</font>
				<textcolor>white2</textcolor>
				<shadowcolor>shadow</shadowcolor>
				<label>$VAR[HomeWidgetTitle2Var]</label>
				<visible>String.IsEmpty(ListItem.Art(banner)) + String.IsEmpty(ListItem.Art(tvshow.banner)) + String.IsEmpty(ListItem.Art(clearlogo)) + String.IsEmpty(ListItem.Art(tvshow.clearlogo))</visible>
				<include>HomeWidgetTrans</include>
			</control>
			<control type="image">
				<left>$PARAM[leftArt]</left>
				<top>$PARAM[topArt]</top>
				<width>$PARAM[widthArt]</width>
				<height>$PARAM[heightArt]</height>
				<texture>homewidgets/label_back_banner.png</texture>
				<visible>$PARAM[labelVisible]</visible>
			</control>
			<control type="label">
				<left>$PARAM[leftArt]</left>
				<top>$PARAM[topArt]r</top>
				<width>$PARAM[widthArt]</width>
				<height>$PARAM[labelHeight]</height>
				<align>center</align>
				<textoffsetx>7</textoffsetx>
				<font>$PARAM[labelFont]</font>
				<textcolor>lightgrey</textcolor>
				<label>$VAR[HomeWidgetTitleVar]</label>
				<visible>$PARAM[labelVisible]</visible>
			</control>
			<control type="image">
				<left>$PARAM[leftCase]</left>
				<top>$PARAM[topCase]</top>
				<width>$PARAM[widthCase]</width>
				<height>$PARAM[heightCase]</height>
				<texture>$PARAM[Case]</texture>
				<include>HomeWidgetTrans</include>
			</control>
		</itemlayout>
		<focusedlayout width="$PARAM[containerWidth]" height="$PARAM[containerHeight]">
			<control type="group">
				<animation type="Focus" reversible="false">
					<effect type="zoom" start="95" end="100" time="300" tween="sine" easing="inout" center="auto" />
				</animation>
				<control type="image">
					<left>$PARAM[leftArt]</left>
					<top>$PARAM[topArt]</top>
					<width>$PARAM[widthArt]</width>
					<height>$PARAM[heightArt]</height>
					<aspectratio>$PARAM[Aspect]</aspectratio>
					<texture>$PARAM[Texture]</texture>
				</control>
				<control type="image">
					<left>$PARAM[leftArt]</left>
					<top>$PARAM[topArt]</top>
					<width>$PARAM[widthArt]</width>
					<height>$PARAM[heightArt]</height>
					<aspectratio aligny="top">scale</aspectratio>
					<texture fallback="homewidgets/DefaultMovies_banner.png">$VAR[HomeWidgetFanArtVar]</texture>
					<visible>String.IsEmpty(ListItem.Art(banner)) + String.IsEmpty(ListItem.Art(tvshow.banner))</visible>
				</control>
				<control type="image">
					<left>$PARAM[leftArt]</left>
					<top>$PARAM[topArt]</top>
					<width>$PARAM[widthArt]</width>
					<height>$PARAM[heightArt]</height>
					<aspectratio>keep</aspectratio>
					<texture>$VAR[HomeWidgetClearLogoVar]</texture>
					<visible>String.IsEmpty(ListItem.Art(banner)) + String.IsEmpty(ListItem.Art(tvshow.banner))</visible>
				</control>
				<control type="label">
					<left>$PARAM[leftArt]</left>
					<top>$PARAM[topArt]</top>
					<width>$PARAM[widthArt]</width>
					<height>$PARAM[heightArt]</height>
					<align>center</align>
					<textoffsetx>7</textoffsetx>
					<font>$PARAM[fallbackFont]</font>
					<textcolor>white2</textcolor>
					<shadowcolor>shadow</shadowcolor>
					<label>$VAR[HomeWidgetTitle2Var]</label>
					<visible>String.IsEmpty(ListItem.Art(banner)) + String.IsEmpty(ListItem.Art(tvshow.banner)) + String.IsEmpty(ListItem.Art(clearlogo)) + String.IsEmpty(ListItem.Art(tvshow.clearlogo))</visible>
				</control>
				<control type="image">
					<left>$PARAM[leftArt]</left>
					<top>$PARAM[topArt]</top>
					<width>$PARAM[widthArt]</width>
					<height>$PARAM[heightArt]</height>
					<texture colordiffuse="$VAR[WidgetHighlightBarColor]" border="4">listselect_fo.png</texture>
				</control>
				<control type="image">
					<left>$PARAM[leftArt]</left>
					<top>$PARAM[topArt]</top>
					<width>$PARAM[widthArt]</width>
					<height>$PARAM[heightArt]</height>
					<texture>homewidgets/label_back_banner.png</texture>
					<visible>$PARAM[labelFocusVisible]</visible>
				</control>
				<control type="label">
					<left>$PARAM[leftArt]</left>
					<top>$PARAM[topArt]r</top>
					<width>$PARAM[widthArt]</width>
					<height>$PARAM[labelHeight]</height>
					<align>center</align>
					<textoffsetx>7</textoffsetx>
					<font>$PARAM[labelFont]</font>
					<textcolor>$VAR[ThemeLabelColor]</textcolor>
					<label>$VAR[HomeWidgetTitleVar]</label>
					<visible>$PARAM[labelFocusVisible]</visible>
				</control>
				<control type="image">
					<left>$PARAM[leftCase]</left>
					<top>$PARAM[topCase]</top>
					<width>$PARAM[widthCase]</width>
					<height>$PARAM[heightCase]</height>
					<texture>$PARAM[Case]</texture>
				</control>
			</control>
		</focusedlayout>
	</include>
	<include name="WeatherContentToday">
		<item>
			<label>$LOCALIZE[31909]</label>
			<icon />
			<onclick>noop</onclick>
			<visible>!Weather.IsFetched</visible>
		</item>
		<item>
			<label>33006</label>
			<label2>$INFO[Window(weather).Property(Day0.Outlook)]</label2>
			<icon>$VAR[WeatherIconsPathVar]$INFO[Window(weather).Property(Day0.FanartCode)]$VAR[WeatherIconsExtVar]</icon>
			<property name="Label3">[COLOR red]$INFO[Window(weather).Property(Day0.HighTemp)]$INFO[System.TemperatureUnits][/COLOR]</property>
			<property name="Label4">[COLOR blue]$INFO[Window(weather).Property(Day0.LowTemp)]$INFO[System.TemperatureUnits][/COLOR]</property>
			<property name="Fanart">$INFO[Skin.String(weatherfanart.path)]$INFO[Window(weather).Property(Day0.FanartCode),,.jpg]</property>
			<property name="WeatherMultiFanart">$INFO[Skin.String(weatherfanart.path)]$INFO[Window(weather).Property(Day0.FanartCode)]$INFO[Window(weather).Property(Day0.FanartCode),/weather-,-00.jpg]</property>
			<onclick>ActivateWindow(weather)</onclick>
			<visible>!String.IsEmpty(Window(Weather).Property(Day0.Title))</visible>
		</item>
	</include>
	<include name="WeatherContentTomorrow">
		<item>
			<label>$LOCALIZE[31909]</label>
			<icon />
			<onclick>noop</onclick>
			<visible>!Weather.IsFetched</visible>
		</item>
		<item>
			<label>33007</label>
			<label2>$INFO[Window(weather).Property(Day1.Outlook)]</label2>
			<icon>$VAR[WeatherIconsPathVar]$INFO[Window(weather).Property(Day1.FanartCode)]$VAR[WeatherIconsExtVar]</icon>
			<property name="Label3">[COLOR red]$INFO[Window(weather).Property(Day1.HighTemp)]$INFO[System.TemperatureUnits][/COLOR]</property>
			<property name="Label4">[COLOR blue]$INFO[Window(weather).Property(Day1.LowTemp)]$INFO[System.TemperatureUnits][/COLOR]</property>
			<property name="Fanart">$INFO[Skin.String(weatherfanart.path)]$INFO[Window(weather).Property(Day1.FanartCode),,.jpg]</property>
			<property name="WeatherMultiFanart">$INFO[Skin.String(weatherfanart.path)]$INFO[Window(weather).Property(Day1.FanartCode)]$INFO[Window(weather).Property(Day1.FanartCode),/weather-,-01.jpg]</property>
			<onclick>ActivateWindow(weather)</onclick>
			<visible>!String.IsEmpty(Window(Weather).Property(Day1.Title))</visible>
		</item>
	</include>
	<include name="WeatherContent">
		<item>
			<label>$LOCALIZE[31909]</label>
			<icon />
			<onclick>noop</onclick>
			<visible>!Weather.IsFetched</visible>
		</item>
		<item>
			<label>$INFO[Window(weather).Property(Day0.Title)]</label>
			<label2>$INFO[Window(weather).Property(Day0.Outlook)]</label2>
			<icon>$VAR[WeatherIconsPathVar]$INFO[Window(weather).Property(Day0.FanartCode)]$VAR[WeatherIconsExtVar]</icon>
			<property name="Label3">[COLOR red]$INFO[Window(weather).Property(Day0.HighTemp)]$INFO[System.TemperatureUnits][/COLOR]</property>
			<property name="Label4">[COLOR blue]$INFO[Window(weather).Property(Day0.LowTemp)]$INFO[System.TemperatureUnits][/COLOR]</property>
			<property name="Fanart">$INFO[Skin.String(weatherfanart.path)]$INFO[Window(weather).Property(Day0.FanartCode),,.jpg]</property>
			<property name="WeatherMultiFanart">$INFO[Skin.String(weatherfanart.path)]$INFO[Window(weather).Property(Day0.FanartCode)]$INFO[Window(weather).Property(Day0.FanartCode),/weather-,-00.jpg]</property>
			<onclick>ActivateWindow(weather)</onclick>
			<visible>!String.IsEmpty(Window(Weather).Property(Day0.Title))</visible>
		</item>
		<item>
			<label>$INFO[Window(weather).Property(Day1.Title)]</label>
			<label2>$INFO[Window(weather).Property(Day1.Outlook)]</label2>
			<icon>$VAR[WeatherIconsPathVar]$INFO[Window(weather).Property(Day1.FanartCode)]$VAR[WeatherIconsExtVar]</icon>
			<property name="Label3">[COLOR red]$INFO[Window(weather).Property(Day1.HighTemp)]$INFO[System.TemperatureUnits][/COLOR]</property>
			<property name="Label4">[COLOR blue]$INFO[Window(weather).Property(Day1.LowTemp)]$INFO[System.TemperatureUnits][/COLOR]</property>
			<property name="Fanart">$INFO[Skin.String(weatherfanart.path)]$INFO[Window(weather).Property(Day1.FanartCode),,.jpg]</property>
			<property name="WeatherMultiFanart">$INFO[Skin.String(weatherfanart.path)]$INFO[Window(weather).Property(Day1.FanartCode)]$INFO[Window(weather).Property(Day1.FanartCode),/weather-,-01.jpg]</property>
			<onclick>ActivateWindow(weather)</onclick>
			<visible>!String.IsEmpty(Window(Weather).Property(Day1.Title))</visible>
		</item>
		<item>
			<label>$INFO[Window(weather).Property(Day2.Title)]</label>
			<label2>$INFO[Window(weather).Property(Day2.Outlook)]</label2>
			<icon>$VAR[WeatherIconsPathVar]$INFO[Window(weather).Property(Day2.FanartCode)]$VAR[WeatherIconsExtVar]</icon>
			<property name="Label3">[COLOR red]$INFO[Window(weather).Property(Day2.HighTemp)]$INFO[System.TemperatureUnits][/COLOR]</property>
			<property name="Label4">[COLOR blue]$INFO[Window(weather).Property(Day2.LowTemp)]$INFO[System.TemperatureUnits][/COLOR]</property>
			<property name="Fanart">$INFO[Skin.String(weatherfanart.path)]$INFO[Window(weather).Property(Day2.FanartCode),,.jpg]</property>
			<property name="WeatherMultiFanart">$INFO[Skin.String(weatherfanart.path)]$INFO[Window(weather).Property(Day2.FanartCode)]$INFO[Window(weather).Property(Day2.FanartCode),/weather-,-02.jpg]</property>
			<onclick>ActivateWindow(weather)</onclick>
			<visible>!String.IsEmpty(Window(Weather).Property(Day2.Title))</visible>
		</item>
		<item>
			<label>$INFO[Window(weather).Property(Day3.Title)]</label>
			<label2>$INFO[Window(weather).Property(Day3.Outlook)]</label2>
			<icon>$VAR[WeatherIconsPathVar]$INFO[Window(weather).Property(Day3.FanartCode)]$VAR[WeatherIconsExtVar]</icon>
			<property name="Label3">[COLOR red]$INFO[Window(weather).Property(Day3.HighTemp)]$INFO[System.TemperatureUnits][/COLOR]</property>
			<property name="Label4">[COLOR blue]$INFO[Window(weather).Property(Day3.LowTemp)]$INFO[System.TemperatureUnits][/COLOR]</property>
			<property name="Fanart">$INFO[Skin.String(weatherfanart.path)]$INFO[Window(weather).Property(Day3.FanartCode),,.jpg]</property>
			<property name="WeatherMultiFanart">$INFO[Skin.String(weatherfanart.path)]$INFO[Window(weather).Property(Day3.FanartCode)]$INFO[Window(weather).Property(Day3.FanartCode),/weather-,-03.jpg]</property>
			<onclick>ActivateWindow(weather)</onclick>
			<visible>!String.IsEmpty(Window(Weather).Property(Day3.Title))</visible>
		</item>
		<item>
			<label>$INFO[Window(weather).Property(Day4.Title)]</label>
			<label2>$INFO[Window(weather).Property(Day4.Outlook)]</label2>
			<icon>$VAR[WeatherIconsPathVar]$INFO[Window(weather).Property(Day4.FanartCode)]$VAR[WeatherIconsExtVar]</icon>
			<property name="Label3">[COLOR red]$INFO[Window(weather).Property(Day4.HighTemp)]$INFO[System.TemperatureUnits][/COLOR]</property>
			<property name="Label4">[COLOR blue]$INFO[Window(weather).Property(Day4.LowTemp)]$INFO[System.TemperatureUnits][/COLOR]</property>
			<property name="Fanart">$INFO[Skin.String(weatherfanart.path)]$INFO[Window(weather).Property(Day4.FanartCode),,.jpg]</property>
			<property name="WeatherMultiFanart">$INFO[Skin.String(weatherfanart.path)]$INFO[Window(weather).Property(Day4.FanartCode)]$INFO[Window(weather).Property(Day4.FanartCode),/weather-,-01.jpg]</property>
			<onclick>ActivateWindow(weather)</onclick>
			<visible>!String.IsEmpty(Window(Weather).Property(Day4.Title))</visible>
		</item>
		<item>
			<label>$INFO[Window(weather).Property(Day5.Title)]</label>
			<label2>$INFO[Window(weather).Property(Day5.Outlook)]</label2>
			<icon>$VAR[WeatherIconsPathVar]$INFO[Window(weather).Property(Day5.FanartCode)]$VAR[WeatherIconsExtVar]</icon>
			<property name="Label3">[COLOR red]$INFO[Window(weather).Property(Day5.HighTemp)]$INFO[System.TemperatureUnits][/COLOR]</property>
			<property name="Label4">[COLOR blue]$INFO[Window(weather).Property(Day5.LowTemp)]$INFO[System.TemperatureUnits][/COLOR]</property>
			<property name="Fanart">$INFO[Skin.String(weatherfanart.path)]$INFO[Window(weather).Property(Day5.FanartCode),,.jpg]</property>
			<property name="WeatherMultiFanart">$INFO[Skin.String(weatherfanart.path)]$INFO[Window(weather).Property(Day5.FanartCode)]$INFO[Window(weather).Property(Day5.FanartCode),/weather-,-02.jpg]</property>
			<onclick>ActivateWindow(weather)</onclick>
			<visible>!String.IsEmpty(Window(Weather).Property(Day5.Title))</visible>
		</item>
		<item>
			<label>$INFO[Window(weather).Property(Day6.Title)]</label>
			<label2>$INFO[Window(weather).Property(Day6.Outlook)]</label2>
			<icon>$VAR[WeatherIconsPathVar]$INFO[Window(weather).Property(Day6.FanartCode)]$VAR[WeatherIconsExtVar]</icon>
			<property name="Label3">[COLOR red]$INFO[Window(weather).Property(Day6.HighTemp)]$INFO[System.TemperatureUnits][/COLOR]</property>
			<property name="Label4">[COLOR blue]$INFO[Window(weather).Property(Day6.LowTemp)]$INFO[System.TemperatureUnits][/COLOR]</property>
			<property name="Fanart">$INFO[Skin.String(weatherfanart.path)]$INFO[Window(weather).Property(Day6.FanartCode),,.jpg]</property>
			<property name="WeatherMultiFanart">$INFO[Skin.String(weatherfanart.path)]$INFO[Window(weather).Property(Day6.FanartCode)]$INFO[Window(weather).Property(Day6.FanartCode),/weather-,-03.jpg]</property>
			<onclick>ActivateWindow(weather)</onclick>
			<visible>!String.IsEmpty(Window(Weather).Property(Day6.Title))</visible>
		</item>
	</include>
	<include name="SystemContent">
		<item>
			<label>12390</label>
			<label2>$INFO[System.Uptime]</label2>
			<onclick>noop</onclick>
			<icon>homewidgets/systeminfo/square/uptime.png</icon>
			<property name="Fanart">special://skin/backgrounds/widgets/systeminfo/fanart/uptime.jpg</property>
			<property name="Label3">$LOCALIZE[20161]: $INFO[System.TotalUptime]</property>
			<property name="isSystemInfo">true</property>
			<onclick>ActivateWindow(systeminfo)</onclick>
		</item>
		<item>
			<label>12395</label>
			<label2>$INFO[System.BatteryLevel]</label2>
			<onclick>noop</onclick>
			<icon>homewidgets/systeminfo/square/battery_100.png</icon>
			<property name="Fanart">special://skin/backgrounds/widgets/systeminfo/fanart/battery_100.jpg</property>
			<property name="Label3">Remains</property>
			<property name="isSystemInfo">true</property>
			<visible>Integer.IsGreater(System.BatteryLevel,60)</visible>
			<onclick>ActivateWindow(systeminfo)</onclick>
		</item>
		<item>
			<label>12395</label>
			<label2>$INFO[System.BatteryLevel]</label2>
			<onclick>noop</onclick>
			<icon>homewidgets/systeminfo/square/battery_50.png</icon>
			<property name="Fanart">special://skin/backgrounds/widgets/systeminfo/fanart/battery_50.jpg</property>
			<property name="Label3">Remains</property>
			<property name="isSystemInfo">true</property>
			<visible>Integer.IsGreater(System.BatteryLevel,20) + !Integer.IsGreater(System.BatteryLevel,60)</visible>
			<onclick>ActivateWindow(systeminfo)</onclick>
		</item>
		<item>
			<label>12395</label>
			<label2>$INFO[System.BatteryLevel]</label2>
			<onclick>noop</onclick>
			<icon>homewidgets/systeminfo/square/battery_10.png</icon>
			<property name="Fanart">special://skin/backgrounds/widgets/systeminfo/fanart/battery_10.jpg</property>
			<property name="Label3">Remains</property>
			<property name="isSystemInfo">true</property>
			<visible>Integer.IsGreater(System.BatteryLevel,5) + !Integer.IsGreater(System.BatteryLevel,20)</visible>
			<onclick>ActivateWindow(systeminfo)</onclick>
		</item>
		<item>
			<label>12395</label>
			<label2>$INFO[System.BatteryLevel]</label2>
			<onclick>noop</onclick>
			<icon>homewidgets/systeminfo/square/battery_critical.png</icon>
			<property name="Fanart">special://skin/backgrounds/widgets/systeminfo/fanart/battery_critical.jpg</property>
			<property name="Label3">Remains</property>
			<property name="isSystemInfo">true</property>
			<visible>Integer.IsGreater(System.BatteryLevel,0) + !Integer.IsGreater(System.BatteryLevel,5)</visible>
			<onclick>ActivateWindow(systeminfo)</onclick>
		</item>
		<item>
			<label>705</label>
			<label2>$INFO[Network.LinkState]</label2>
			<onclick>noop</onclick>
			<icon>homewidgets/systeminfo/square/connected.png</icon>
			<property name="Fanart">special://skin/backgrounds/widgets/systeminfo/fanart/connected.jpg</property>
			<property name="Label3">$LOCALIZE[443]: $INFO[System.InternetState]</property>
			<property name="isSystemInfo">true</property>
			<visible>System.InternetState</visible>
			<onclick>ActivateWindow(systeminfo)</onclick>
		</item>
		<item>
			<label>705</label>
			<label2>$INFO[Network.LinkState,$LOCALIZE[442]: ,]</label2>
			<onclick>noop</onclick>
			<icon>homewidgets/systeminfo/square/disconnected.png</icon>
			<property name="Fanart">special://skin/backgrounds/widgets/systeminfo/fanart/disconnected.jpg</property>
			<property name="Label3">Internet: $INFO[System.InternetState]</property>
			<property name="isSystemInfo">true</property>
			<visible>!System.InternetState</visible>
			<onclick>ActivateWindow(systeminfo)</onclick>
		</item>
		<item>
			<label>13280</label>
			<label2>$INFO[System.ScreenWidth]x$INFO[System.ScreenHeight]</label2>
			<onclick>noop</onclick>
			<icon>homewidgets/systeminfo/square/video.png</icon>
			<property name="Fanart">special://skin/backgrounds/widgets/systeminfo/fanart/video.jpg</property>
			<property name="Label3">$INFO[System.fps] FPS</property>
			<property name="isSystemInfo">true</property>
			<visible>!Integer.IsGreater(System.GPUTemperature,0)</visible>
			<onclick>ActivateWindow(systeminfo)</onclick>
		</item>
		<item>
			<label>13280</label>
			<label2>$INFO[System.ScreenWidth]x$INFO[System.ScreenHeight]</label2>
			<onclick>noop</onclick>
			<icon>homewidgets/systeminfo/square/video.png</icon>
			<property name="Fanart">special://skin/backgrounds/widgets/systeminfo/fanart/video.jpg</property>
			<property name="Label3">$INFO[System.fps] FPS $INFO[System.GPUTemperature]</property>
			<property name="isSystemInfo">true</property>
			<visible>Integer.IsGreater(System.GPUTemperature,0)</visible>
			<onclick>ActivateWindow(systeminfo)</onclick>
		</item>
		<item>
			<label>CPU</label>
			<label2>$INFO[System.CPUUsage(used.percent)]</label2>
			<onclick>noop</onclick>
			<icon>homewidgets/systeminfo/square/cpu.png</icon>
			<property name="Fanart">special://skin/backgrounds/widgets/systeminfo/fanart/cpu.jpg</property>
			<property name="Label3">$INFO[System.CpuFrequency] $INFO[System.CPUTemperature]</property>
			<property name="isSystemInfo">true</property>
			<visible>Integer.IsGreater(System.CPUTemperature,0)</visible>
			<onclick>ActivateWindow(systeminfo)</onclick>
		</item>
		<item>
			<label>CPU</label>
			<label2>$INFO[System.CPUUsage(used.percent)]</label2>
			<onclick>noop</onclick>
			<icon>homewidgets/systeminfo/square/cpu.png</icon>
			<property name="Fanart">special://skin/backgrounds/widgets/systeminfo/fanart/cpu.jpg</property>
			<property name="Label3">$INFO[System.CpuFrequency]</property>
			<property name="isSystemInfo">true</property>
			<visible>!Integer.IsGreater(System.CPUTemperature,0)</visible>
			<onclick>ActivateWindow(systeminfo)</onclick>
		</item>
		<item>
			<label>158</label>
			<label2>$INFO[System.Memory(free.percent)] $LOCALIZE[156]</label2>
			<onclick>noop</onclick>
			<icon>homewidgets/systeminfo/square/memory.png</icon>
			<property name="Fanart">special://skin/backgrounds/widgets/systeminfo/fanart/memory.jpg</property>
			<property name="Label3">$INFO[System.Memory(total)] $LOCALIZE[20161]</property>
			<property name="isSystemInfo">true</property>
			<onclick>ActivateWindow(systeminfo)</onclick>
		</item>
		<item>
			<label>154</label>
			<label2>$INFO[System.FreeSpacePercent]</label2>
			<onclick>noop</onclick>
			<icon>homewidgets/systeminfo/square/storage.png</icon>
			<property name="Fanart">special://skin/backgrounds/widgets/systeminfo/fanart/storage.jpg</property>
			<property name="Label3">$INFO[System.TotalSpace]</property>
			<property name="isSystemInfo">true</property>
			<onclick>ActivateWindow(systeminfo)</onclick>
		</item>
		<item>
			<label>19020</label>
			<label2>$INFO[Pvr.BackendName]</label2>
			<onclick>noop</onclick>
			<icon>homewidgets/systeminfo/square/pvr.png</icon>
			<property name="Fanart">special://skin/backgrounds/widgets/systeminfo/fanart/pvr.jpg</property>
			<property name="Label3">$INFO[Pvr.BackendChannels] $LOCALIZE[19019]</property>
			<property name="isSystemInfo">true</property>
			<visible>PVR.HasTVChannels</visible>
			<onclick>ActivateWindow(systeminfo)</onclick>
		</item>
		<item>
			<label>19114</label>
			<label2>$INFO[System.BuildVersion]</label2>
			<onclick>noop</onclick>
			<icon>homewidgets/systeminfo/square/system.png</icon>
			<property name="Fanart">special://skin/backgrounds/widgets/systeminfo/fanart/system.jpg</property>
			<property name="Label3">$INFO[System.BuildDate]</property>
			<property name="isSystemInfo">true</property>
			<onclick>ActivateWindow(systeminfo)</onclick>
		</item>
	</include>
	<include name="SystemUptime">
		<item>
			<label>12390</label>
			<label2>$INFO[System.Uptime]</label2>
			<onclick>noop</onclick>
			<icon>homewidgets/systeminfo/square/uptime.png</icon>
			<property name="Fanart">special://skin/backgrounds/widgets/systeminfo/fanart/uptime.jpg</property>
			<property name="Label3">$LOCALIZE[20161]: $INFO[System.TotalUptime]</property>
			<property name="isSystemInfo">true</property>
			<onclick>ActivateWindow(systeminfo)</onclick>
		</item>
	</include>
	<include name="SystemBattery">
		<item>
			<label>12395</label>
			<label2>$INFO[System.BatteryLevel]</label2>
			<onclick>noop</onclick>
			<icon>homewidgets/systeminfo/square/battery_100.png</icon>
			<property name="Fanart">special://skin/backgrounds/widgets/systeminfo/fanart/battery_100.jpg</property>
			<property name="Label3">Remains</property>
			<property name="isSystemInfo">true</property>
			<visible>Integer.IsGreater(System.BatteryLevel,60)</visible>
			<onclick>ActivateWindow(systeminfo)</onclick>
		</item>
		<item>
			<label>12395</label>
			<label2>$INFO[System.BatteryLevel]</label2>
			<onclick>noop</onclick>
			<icon>homewidgets/systeminfo/square/battery_50.png</icon>
			<property name="Fanart">special://skin/backgrounds/widgets/systeminfo/fanart/battery_50.jpg</property>
			<property name="Label3">Remains</property>
			<property name="isSystemInfo">true</property>
			<visible>Integer.IsGreater(System.BatteryLevel,20) + !Integer.IsGreater(System.BatteryLevel,60)</visible>
			<onclick>ActivateWindow(systeminfo)</onclick>
		</item>
		<item>
			<label>12395</label>
			<label2>$INFO[System.BatteryLevel]</label2>
			<onclick>noop</onclick>
			<icon>homewidgets/systeminfo/square/battery_10.png</icon>
			<property name="Fanart">special://skin/backgrounds/widgets/systeminfo/fanart/battery_10.jpg</property>
			<property name="Label3">Remains</property>
			<property name="isSystemInfo">true</property>
			<visible>Integer.IsGreater(System.BatteryLevel,5) + !Integer.IsGreater(System.BatteryLevel,20)</visible>
			<onclick>ActivateWindow(systeminfo)</onclick>
		</item>
		<item>
			<label>12395</label>
			<label2>$INFO[System.BatteryLevel]</label2>
			<onclick>noop</onclick>
			<icon>homewidgets/systeminfo/square/battery_critical.png</icon>
			<property name="Fanart">special://skin/backgrounds/widgets/systeminfo/fanart/battery_critical.jpg</property>
			<property name="Label3">Remains</property>
			<property name="isSystemInfo">true</property>
			<visible>Integer.IsGreater(System.BatteryLevel,0) + !Integer.IsGreater(System.BatteryLevel,5)</visible>
			<onclick>ActivateWindow(systeminfo)</onclick>
		</item>
	</include>
	<include name="SystemNetwork">
		<item>
			<label>705</label>
			<label2>$INFO[Network.LinkState]</label2>
			<onclick>noop</onclick>
			<icon>homewidgets/systeminfo/square/connected.png</icon>
			<property name="Fanart">special://skin/backgrounds/widgets/systeminfo/fanart/connected.jpg</property>
			<property name="Label3">$LOCALIZE[443]: $INFO[System.InternetState]</property>
			<property name="isSystemInfo">true</property>
			<visible>System.InternetState</visible>
			<onclick>ActivateWindow(systeminfo)</onclick>
		</item>
		<item>
			<label>705</label>
			<label2>$INFO[Network.LinkState,$LOCALIZE[442]: ,]</label2>
			<onclick>noop</onclick>
			<icon>homewidgets/systeminfo/square/disconnected.png</icon>
			<property name="Fanart">special://skin/backgrounds/widgets/systeminfo/fanart/disconnected.jpg</property>
			<property name="Label3">Internet: $INFO[System.InternetState]</property>
			<property name="isSystemInfo">true</property>
			<visible>!System.InternetState</visible>
			<onclick>ActivateWindow(systeminfo)</onclick>
		</item>
	</include>
	<include name="SystemVideo">
		<item>
			<label>13280</label>
			<label2>$INFO[System.ScreenWidth]x$INFO[System.ScreenHeight]</label2>
			<onclick>noop</onclick>
			<icon>homewidgets/systeminfo/square/video.png</icon>
			<property name="Fanart">special://skin/backgrounds/widgets/systeminfo/fanart/video.jpg</property>
			<property name="Label3">$INFO[System.fps] FPS</property>
			<property name="isSystemInfo">true</property>
			<visible>!Integer.IsGreater(System.GPUTemperature,0)</visible>
			<onclick>ActivateWindow(systeminfo)</onclick>
		</item>
		<item>
			<label>13280</label>
			<label2>$INFO[System.ScreenWidth]x$INFO[System.ScreenHeight]</label2>
			<onclick>noop</onclick>
			<icon>homewidgets/systeminfo/square/video.png</icon>
			<property name="Fanart">special://skin/backgrounds/widgets/systeminfo/fanart/video.jpg</property>
			<property name="Label3">$INFO[System.fps] FPS $INFO[System.GPUTemperature]</property>
			<property name="isSystemInfo">true</property>
			<visible>Integer.IsGreater(System.GPUTemperature,0)</visible>
			<onclick>ActivateWindow(systeminfo)</onclick>
		</item>
	</include>
	<include name="SystemCPU">
		<item>
			<label>CPU</label>
			<label2>$INFO[System.CPUUsage(used.percent)]</label2>
			<onclick>noop</onclick>
			<icon>homewidgets/systeminfo/square/cpu.png</icon>
			<property name="Fanart">special://skin/backgrounds/widgets/systeminfo/fanart/cpu.jpg</property>
			<property name="Label3">$INFO[System.CpuFrequency] $INFO[System.CPUTemperature]</property>
			<property name="isSystemInfo">true</property>
			<visible>Integer.IsGreater(System.CPUTemperature,0)</visible>
			<onclick>ActivateWindow(systeminfo)</onclick>
		</item>
		<item>
			<label>CPU</label>
			<label2>$INFO[System.CPUUsage(used.percent)]</label2>
			<onclick>noop</onclick>
			<icon>homewidgets/systeminfo/square/cpu.png</icon>
			<property name="Fanart">special://skin/backgrounds/widgets/systeminfo/fanart/cpu.jpg</property>
			<property name="Label3">$INFO[System.CpuFrequency]</property>
			<property name="isSystemInfo">true</property>
			<visible>!Integer.IsGreater(System.CPUTemperature,0)</visible>
			<onclick>ActivateWindow(systeminfo)</onclick>
		</item>
	</include>
	<include name="SystemMemory">
		<item>
			<label>158</label>
			<label2>$INFO[System.Memory(free.percent)] $LOCALIZE[156]</label2>
			<onclick>noop</onclick>
			<icon>homewidgets/systeminfo/square/memory.png</icon>
			<property name="Fanart">special://skin/backgrounds/widgets/systeminfo/fanart/memory.jpg</property>
			<property name="Label3">$INFO[System.Memory(total)] $LOCALIZE[20161]</property>
			<property name="isSystemInfo">true</property>
			<onclick>ActivateWindow(systeminfo)</onclick>
		</item>
	</include>
	<include name="SystemStorage">
		<item>
			<label>154</label>
			<label2>$INFO[System.FreeSpacePercent]</label2>
			<onclick>noop</onclick>
			<icon>homewidgets/systeminfo/square/storage.png</icon>
			<property name="Fanart">special://skin/backgrounds/widgets/systeminfo/fanart/storage.jpg</property>
			<property name="Label3">$INFO[System.TotalSpace]</property>
			<property name="isSystemInfo">true</property>
			<onclick>ActivateWindow(systeminfo)</onclick>
		</item>
	</include>
	<include name="SystemPVR">
		<item>
			<label>19020</label>
			<label2>$INFO[Pvr.BackendName]</label2>
			<onclick>noop</onclick>
			<icon>homewidgets/systeminfo/square/pvr.png</icon>
			<property name="Fanart">special://skin/backgrounds/widgets/systeminfo/fanart/pvr.jpg</property>
			<property name="Label3">$INFO[Pvr.BackendChannels] $LOCALIZE[19019]</property>
			<property name="isSystemInfo">true</property>
			<visible>PVR.HasTVChannels</visible>
			<onclick>ActivateWindow(systeminfo)</onclick>
		</item>
	</include>
	<include name="SystemVersion">
		<item>
			<label>19114</label>
			<label2>$INFO[System.BuildVersion]</label2>
			<onclick>noop</onclick>
			<icon>homewidgets/systeminfo/square/system.png</icon>
			<property name="Fanart">special://skin/backgrounds/widgets/systeminfo/fanart/system.jpg</property>
			<property name="Label3">$INFO[System.BuildDate]</property>
			<property name="isSystemInfo">true</property>
			<onclick>ActivateWindow(systeminfo)</onclick>
		</item>
	</include>
</includes>