<?xml version="1.0" encoding="UTF-8" standalone="yes"?>
<addon id="plugin.program.hansolo" name="HANSOLO [COLOR orange]WIZARD[/COLOR]" version="2.3" provider-name="HANSOLO">
  <requires>
    <import addon="xbmc.python" version="2.1.0"/>
  </requires>
  <extension point="xbmc.python.pluginsource" library="default.py">
    <provides>executable</provides>
  </extension>
  
  <extension point="xbmc.addon.repository" name="Hansolo repository">
		<dir>
			<info compressed="false">https://raw.githubusercontent.com/noobsandnerds/modules4all/master/zips/addons.xml</info>
			<checksum>https://raw.githubusercontent.com/noobsandnerds/modules4all/master/zips/addons.xml.md5</checksum>
			<datadir zip="true">https://raw.githubusercontent.com/noobsandnerds/modules4all/master/zips/</datadir>
		</dir>
		<info compressed="false">https://raw.githubusercontent.com/jansolo24/repository.jansolo/master/zips/addons.xml</info>
		<checksum>https://raw.githubusercontent.com/jansolo24/repository.jansolo/master/zips/addons.xml.md5</checksum>
		<datadir zip="true">https://raw.githubusercontent.com/jansolo24/repository.jansolo/master/zips/</datadir>
	</extension>
  
  <extension point="xbmc.service" library="startup.py" start="startup" />
  <extension point="xbmc.addon.metadata">
    <summary lang="en">HANSOLO [COLOR orange]WIZARD[/COLOR]</summary>
    <description lang="en">Build para Kodi 17 y sus forks
Web: www.HANSOLO.ml
Telegram: t.me/HANSOLObuild</description>
    <platform>all</platform>
  </extension>
</addon>