<?xml version="1.0" encoding="UTF-8" standalone="yes"?>
<addon id="plugin.video.Agora"
       name="[COLOR white]Agora[/COLOR]"
       version="0.0.2"
       provider-name="Teco">
  <requires>
    <import addon="xbmc.python" version="2.1.0"/>
    <import addon="script.module.beautifulsoup" version="3.2.1"/>
    <import addon="script.module.simple.downloader" version="0.9.4"/>
    <import addon="script.module.beautifulsoup4" />
    <import addon="script.module.requests" />
    <import addon="script.module.httplib2" />
    <import addon="script.module.liveresolver" version="0.1.24" optional="true"/>
    <import addon="script.module.youtube.dl" optional="true"/>
    <import addon="plugin.video.youtube" optional="true" />
    <import addon="script.module.urlresolver" optional="true"/>
    <import addon="script.module.simplejson" />    
     <import addon="script.module.livestreamer" optional="true"/>
     <import addon="script.module.pyamf" optional="true"/>
	 <import addon="script.globalsearch" version="5.0.0"/>
	 <import addon="plugin.program.autocompletion" version="1.0.1"/>
  </requires>
  <extension point="xbmc.python.pluginsource" library="default.py">
    <provides>video</provides>
  </extension>
  <extension point="xbmc.addon.metadata">
  <extension point="xbmc.addon.repository" name=" ">
        <info></info>
        <checksum></checksum>
        <datadir zip="false"></datadir>
    </extension>
    <summary> </summary>
    <description>Addon de Documentales 100% gratuito y basado en Youtube con licencia GNU GPL.</description>
    <platform>all</platform>
  </extension>
</addon>