<?xml version="1.0" encoding="utf-8" standalone="yes"?>
<channel>
	<id>footballia</id>
	<name>Footballia</name>

	<active>false</active>
	<adult>false</adult>
	<language>es</language>

	<fanart></fanart>
	<thumbnail></thumbnail>
	<bannermenu></bannermenu>

	<update_url></update_url>
	<version>3</version>
	<date>08/07/2016</date>
	<changes>Modificado nueva version pelisalacarta</changes>

	<categories>
		<category>deportes</category>
		
	</categories>

	<settings>
		<include_in_global_search>false</include_in_global_search>
	</settings>
	<settings>
		<id>user</id>
		<type>text</type>
		<label>Usuario</label>
		<color>0xFFd50b0b</color>
		<default></default>
		<enabled>true</enabled>
		<visible>true</visible>
	</settings>
	<settings>
		<id>password</id>
		<type>text</type>
		<label>Contraseña</label>
		<color>0xFFd50b0b</color>
		<default></default>
		<enabled>true</enabled>
		<visible>true</visible>
		<hidden>True</hidden>
	</settings>
</channel>
