<?xml version="1.0" encoding="utf-8" standalone="yes"?>
<channel>
	<id>livetv</id>
	<name>Livetv</name>

	<active>true</active>
	<adult>false</adult>
	<language>es</language>

	<fanart></fanart>
	<thumbnail>http://s6.postimg.org/nv9to30k1/livetvlogo.png</thumbnail>
	<bannermenu></bannermenu>

	<update_url></update_url>
	<version>2</version>
	<date>08/07/2016</date>
	<changes>Modificado nueva version pelisalacarta</changes>

	<categories>
		<category>deportes</category>
		
	</categories>

	<settings>
		<include_in_global_search>false</include_in_global_search>
	</settings>
	<settings>
		<id>include_in_agenda</id>
		<type>bool</type>
		<label>Incluir en Agenda Global</label>
		<default>true</default>
		<enabled>true</enabled>
		<visible>true</visible>
	</settings>
</channel>
