<?xml version="1.0" encoding="UTF-8" standalone="yes"?>
<addon id="repository.fanriffic" name="Fanriffic Themes Repo" version="2.2" provider-name="HKP">
	<extension point="xbmc.addon.repository" name="Fanriffic">
		<info compressed="false">http://fanriffic.com/repowizard/addons.xml</info>
		<checksum>http://fanriffic.com/repowizard/addons.xml.md5</checksum>
		<datadir zip="true">http://fanriffic.com/repowizard/</datadir>
	</extension>
	<extension point="xbmc.addon.metadata">
		<summary>Fanriffic Repo.</summary>
		<description></description>
		<platform>all</platform>
	</extension>
</addon>

