<favourites>
	<favourite name="Sport365" thumb="special://home/addons\plugin.video.sport365.live\icon.png">ActivateWindow(10025,&quot;plugin://plugin.video.sport365.live/?sf_options=fanart%3Dspecial%3A%2F%2Fhome%2Faddons%5Cplugin.video.sport365.live%5Cfanart.png%26meta%3Dlabel%253DSport365%26desc%3DFork+version+1.0+by+GalAnonim%21Kindly+note+that+Sport365+Live+is+not+an+official+part+of+the+media+player+you+are+running%2C+and+therefore+not+to+be+mentioned+within+official+support+channels%2C+this+addon+has+nothing+to+do+with+the+media+player+itself%2C+nor+it%E2%80%99s+intended+use%2C+it+is+simply+a+third+party+plugin+which+has+been+added+to+your+system.%26_options_sf&quot;,return)</favourite>
	<favourite name="[COLOR white][18.0] eminence con widgets (v10.0)[/COLOR]" thumb="special://home/media/0/con widgets.jpg">ActivateWindow(10001,&quot;plugin://plugin.program.temasjan/?mode=viewbuild&amp;name=eminence%20con%20widgets&amp;sf_options=fanart%3Dspecial%3A%2F%2Fhome%2Fmedia%2F0%2Fcon+widgets.jpg%26meta%3Dplot%253Dcon%252Bwidgets%2526votes%253D0%2526label%253D%25255BCOLOR%252Bwhite%25255D%25255B18.0%25255D%252Beminence%252Bcon%252Bwidgets%252B%252528v10.0%252529%25255B%25252FCOLOR%25255D%2526title%253D%25255BCOLOR%252Bwhite%25255D%25255B18.0%25255D%252Beminence%252Bcon%252Bwidgets%252B%252528v10.0%252529%25255B%25252FCOLOR%25255D%26desc%3Dcon+widgets%26_options_sf&quot;,return)</favourite>
	<favourite name="[COLOR white][18.0] eminence sin widgets (v10.0)[/COLOR]" thumb="special://home/media/0/sin widgets.jpg">ActivateWindow(10001,&quot;plugin://plugin.program.temasjan/?mode=viewbuild&amp;name=eminence%20sin%20widgets&amp;sf_options=fanart%3Dspecial%3A%2F%2Fhome%2Fmedia%2F0%2Fsin+widgets.jpg%26meta%3Dplot%253Dsin%252Bwidgets%2526votes%253D0%2526label%253D%25255BCOLOR%252Bwhite%25255D%25255B18.0%25255D%252Beminence%252Bsin%252Bwidgets%252B%252528v10.0%252529%25255B%25252FCOLOR%25255D%2526title%253D%25255BCOLOR%252Bwhite%25255D%25255B18.0%25255D%252Beminence%252Bsin%252Bwidgets%252B%252528v10.0%252529%25255B%25252FCOLOR%25255D%26desc%3Dsin+widgets%26_options_sf&quot;,return)</favourite>
	<favourite name="[COLOR white][18.0] tema aeon nox (v10.0)[/COLOR]" thumb="special://home/media/0/aeonnox2.jpg">ActivateWindow(10001,&quot;plugin://plugin.program.temasjan/?mode=viewbuild&amp;name=tema%20aeon%20nox&amp;sf_options=fanart%3Dspecial%3A%2F%2Fhome%2Fmedia%2F0%2Faeonnox.jpg%26meta%3Dplot%253Dsin%252Bwidgets%2526votes%253D0%2526label%253D%25255BCOLOR%252Bwhite%25255D%25255B18.0%25255D%252Btema%252Baeon%252Bnox%252B%252528v10.0%252529%25255B%25252FCOLOR%25255D%2526title%253D%25255BCOLOR%252Bwhite%25255D%25255B18.0%25255D%252Btema%252Baeon%252Bnox%252B%252528v10.0%252529%25255B%25252FCOLOR%25255D%26desc%3Dsin+widgets%26_options_sf&quot;,return)</favourite>
	<favourite name="[COLOR white][18.0] imagenes fortnite (v10.0)[/COLOR]" thumb="special://home/media/0/fotosfortnite.jpg">ActivateWindow(10001,&quot;plugin://plugin.program.temasjan/?mode=viewbuild&amp;name=imagenes%20fortnite&amp;sf_options=fanart%3Dspecial%3A%2F%2Fhome%2Fmedia%2F0%2Ffotosfortnite2.jpg%26meta%3Dplot%253Dcon%252Bwidgets%2526votes%253D0%2526label%253D%25255BCOLOR%252Bwhite%25255D%25255B18.0%25255D%252Bimagenes%252Bfortnite%252B%252528v10.0%252529%25255B%25252FCOLOR%25255D%2526title%253D%25255BCOLOR%252Bwhite%25255D%25255B18.0%25255D%252Bimagenes%252Bfortnite%252B%252528v10.0%252529%25255B%25252FCOLOR%25255D%26desc%3Dcon+widgets%26_options_sf&quot;,return)</favourite>
	<favourite name="[COLOR white][18.0] imagenes batman (v10.0)[/COLOR]" thumb="special://home/media/0/fotosbatman2.jpg">ActivateWindow(10001,&quot;plugin://plugin.program.temasjan/?mode=viewbuild&amp;name=imagenes%20batman&amp;sf_options=fanart%3Dspecial%3A%2F%2Fhome%2Fmedia%2F0%2Ffotosbatman.jpg%26meta%3Dplot%253Dcon%252Bwidgets%2526votes%253D0%2526label%253D%25255BCOLOR%252Bwhite%25255D%25255B18.0%25255D%252Bimagenes%252Bbatman%252B%252528v10.0%252529%25255B%25252FCOLOR%25255D%2526title%253D%25255BCOLOR%252Bwhite%25255D%25255B18.0%25255D%252Bimagenes%252Bbatman%252B%252528v10.0%252529%25255B%25252FCOLOR%25255D%26desc%3Dcon+widgets%26_options_sf&quot;,return)</favourite>
	<favourite name="F4mProxy" thumb="special://home/addons\script.video.F4mProxy\icon.png">ActivateWindow(10001,&quot;plugin://script.video.F4mProxy/?sf_options=fanart%3Dspecial%3A%2F%2Fhome%2Faddons%5Cscript.video.F4mProxy%5Cfanart.jpg%26meta%3Dlabel%253DF4mProxy%26desc%3DUse+this+addon+to+play+F4m+v1+and+v2+streams%26_options_sf&quot;,return)</favourite>
</favourites>