<?xml version="1.0" encoding="UTF-8" standalone="yes"?>
<addon id="repository.viewers" name="[COLOR green]Torrent[/COLOR] [COLOR FF005de5]Viewers[/COLOR] and Tools Repo" version="0.0.1" provider-name="mancuniancol">
	<extension point="xbmc.addon.repository" name="Torrent Viewers and Tools Repository">
       <info>https://svn.riouxsvn.com/viewers/addons.xml</info>
       <checksum>https://svn.riouxsvn.com/viewers/addons.xml.md5</checksum>
       <datadir zip="true">https://svn.riouxsvn.com/viewers/</datadir>
	</extension>
	<extension point="xbmc.addon.metadata">
		<summary>A Collection of Torrent Viewer/Tool Related Kodi Addons</summary>
		<description>A Collection of Torrent Viewer/Tool Related Kodi Addons</description>
		<disclaimer>The owners and submitters to this repository do not host or distribute any of the content displayed by these addons nor do they have any affiliation with the content providers.</disclaimer>
		<website></website>
		<forum></forum>
		<platform>all</platform>
		<license>GNU GENERAL PUBLIC LICENSE. Version 3, June 2007</license>
	</extension>
</addon>

